QYEAR,NEWID,SEQNO,ALCNO,REC_ORIG,CRMCODEA,CRMC_DEA,ADVMATX,ADVMATX_,MATNSPCX,MATN_PCX,CRMCDA1,CRMCDA1_,CRMCDA2,CRMCDA2_,CRMCDA3,CRMCDA3_,CRMCDA4,CRMCDA4_,CRMCDA5,CRMCDA5_,CRMCDA6,CRMCDA6_,CRMCDA7,CRMCDA7_,CRMCDA8,CRMCDA8_,CRMCDA9,CRMCDA9_
20181,03639634,4,0,1,280,D,37,D,,A,,A,,A,,A,,A,,A,,A,,A,,A,,A
20181,03641064,3,0,1,130,D,50,D,,A,,A,,A,,A,,A,,A,,A,,A,,A,,A
20181,03641494,10,0,1,200,D,48,D,,A,,A,,A,,A,,A,,A,,A,,A,,A,,A
20181,03641714,6,0,1,,A,,A,100,D,,A,,A,,A,,A,,A,,A,,A,,A,,A
20181,03642404,7,0,1,235,D,1800,D,,A,,A,,A,,A,,A,,A,,A,,A,,A,,A
20181,03642504,8,0,1,,A,,A,20,D,,A,,A,,A,,A,,A,,A,,A,,A,,A
20181,03642724,11,0,1,260,D,100,D,,A,,A,,A,,A,,A,,A,,A,,A,,A,,A
20181,03643144,11,0,1,,A,,A,270,D,,A,,A,,A,,A,,A,,A,,A,,A,,A
20181,03644654,11,0,1,,A,,A,100,D,,A,,A,,A,,A,,A,,A,,A,,A,,A
20181,03645404,5,0,1,200,D,7,D,,A,,A,,A,,A,,A,,A,,A,,A,,A,,A
20181,03647064,5,0,1,210,D,150,D,,A,,A,,A,,A,,A,,A,,A,,A,,A,,A
20181,03647934,7,0,1,300,D,500,D,,A,,A,,A,,A,,A,,A,,A,,A,,A,,A
20181,03648204,13,0,1,,A,,A,24,D,,A,,A,,A,,A,,A,,A,,A,,A,,A
20181,03650564,8,0,1,300,D,138,D,,A,,A,,A,,A,,A,,A,,A,,A,,A,,A
20181,03650954,5,0,1,,A,,A,80,D,,A,,A,,A,,A,,A,,A,,A,,A,,A
20181,03651334,1,0,1,280,D,40,D,,A,,A,,A,,A,,A,,A,,A,,A,,A,,A
20181,03653774,6,0,1,235,D,750,D,,A,,A,,A,,A,,A,,A,,A,,A,,A,,A
20181,03654534,10,0,1,,A,,A,200,D,,A,,A,,A,,A,,A,,A,,A,,A,,A
20181,03655454,26,0,1,175,D,25,D,,A,,A,,A,,A,,A,,A,,A,,A,,A,,A
20181,03655674,26,0,1,,A,,A,15,D,,A,,A,,A,,A,,A,,A,,A,,A,,A
20181,03656144,9,0,1,,A,,A,80,D,,A,,A,,A,,A,,A,,A,,A,,A,,A
20181,03656724,5,0,1,,A,,A,30,D,,A,,A,,A,,A,,A,,A,,A,,A,,A
20181,03657924,11,0,1,,A,,A,50,D,,A,,A,,A,,A,,A,,A,,A,,A,,A
20181,03658534,13,0,1,300,D,4000,D,45,D,,A,,A,,A,,A,,A,,A,,A,,A,,A
20181,03660014,10,0,1,175,D,200,D,,A,,A,,A,,A,,A,,A,,A,,A,,A,,A
20181,03662124,9,0,1,,A,,A,20,D,,A,,A,,A,,A,,A,,A,,A,,A,,A
20181,03662984,12,0,1,300,D,1000,D,,A,,A,,A,,A,,A,,A,,A,,A,,A,,A
20181,03666834,6,0,1,210,D,80,D,,A,,A,,A,,A,,A,,A,,A,,A,,A,,A
20181,03667294,3,0,1,130,D,380,D,,A,,A,,A,,A,,A,,A,,A,,A,,A,,A
20181,03670154,5,0,1,,A,,A,150,D,,A,,A,,A,,A,,A,,A,,A,,A,,A
20181,03671124,5,0,1,175,D,325,D,,A,,A,,A,,A,,A,,A,,A,,A,,A,,A
20181,03693243,9,0,1,,A,,A,200,D,,A,,A,,A,,A,,A,,A,,A,,A,,A
20181,03694483,1,0,1,,A,,A,300,D,,A,,A,,A,,A,,A,,A,,A,,A,,A
20181,03696773,14,0,1,,A,,A,100,D,,A,,A,,A,,A,,A,,A,,A,,A,,A
20181,03697673,13,0,1,,A,,A,1,D,,A,,A,,A,,A,,A,,A,,A,,A,,A
20181,03698713,6,0,1,210,D,150,D,,A,,A,,A,,A,,A,,A,,A,,A,,A,,A
20181,03699063,35,0,1,,A,,A,60,D,,A,,A,,A,,A,,A,,A,,A,,A,,A
20181,03700523,18,0,1,120,D,1700,D,,A,,A,,A,,A,,A,,A,,A,,A,,A,,A
20181,03701993,16,0,1,,A,,A,500,D,,A,,A,,A,,A,,A,,A,,A,,A,,A
20181,03715743,2,0,1,130,D,400,D,,A,,A,,A,,A,,A,,A,,A,,A,,A,,A
20181,03716003,15,0,1,300,D,10000,D,,A,,A,,A,,A,,A,,A,,A,,A,,A,,A
20181,03716473,7,0,1,140,D,150,D,,A,,A,,A,,A,,A,,A,,A,,A,,A,,A
20181,03718013,8,0,1,175,D,200,D,,A,,A,,A,,A,,A,,A,,A,,A,,A,,A
20181,03719553,9,1,1,260,D,3000,E,,A,,A,,A,,A,,A,,A,,A,,A,,A,,A
20181,03719553,9,0,1,310,D,,H,,A,200,D,220,D,260,D,,A,,A,,A,,A,,A,,A
20181,03719823,13,0,1,200,D,7,D,,A,,A,,A,,A,,A,,A,,A,,A,,A,,A
20181,03721173,7,0,1,130,D,30,D,,A,,A,,A,,A,,A,,A,,A,,A,,A,,A
20181,03722183,17,0,1,,A,,A,500,D,,A,,A,,A,,A,,A,,A,,A,,A,,A
20181,03723143,17,0,1,280,D,15,D,,A,,A,,A,,A,,A,,A,,A,,A,,A,,A
20181,03723353,3,0,1,175,D,14,D,,A,,A,,A,,A,,A,,A,,A,,A,,A,,A
20181,03735643,8,0,1,300,D,500,D,,A,,A,,A,,A,,A,,A,,A,,A,,A,,A
20181,03736413,2,0,1,210,D,21,D,,A,,A,,A,,A,,A,,A,,A,,A,,A,,A
20181,03736853,4,0,1,175,D,30,D,,A,,A,,A,,A,,A,,A,,A,,A,,A,,A
20181,03737033,4,0,1,,A,,A,200,D,,A,,A,,A,,A,,A,,A,,A,,A,,A
20181,03739543,13,0,1,200,D,600,D,50,D,,A,,A,,A,,A,,A,,A,,A,,A,,A
20181,03740003,11,0,1,,A,,A,250,D,,A,,A,,A,,A,,A,,A,,A,,A,,A
20181,03740633,2,0,1,235,D,325,D,,A,,A,,A,,A,,A,,A,,A,,A,,A,,A
20181,03740733,17,0,1,300,D,150,D,,A,,A,,A,,A,,A,,A,,A,,A,,A,,A
20181,03740753,4,0,1,,A,,A,120,D,,A,,A,,A,,A,,A,,A,,A,,A,,A
20181,03741173,6,0,1,130,D,77,D,,A,,A,,A,,A,,A,,A,,A,,A,,A,,A
20181,03742413,10,0,1,200,D,162,D,,A,,A,,A,,A,,A,,A,,A,,A,,A,,A
20181,03742593,6,0,1,175,D,130,D,,A,,A,,A,,A,,A,,A,,A,,A,,A,,A
20181,03744063,8,0,1,160,D,160,D,,A,,A,,A,,A,,A,,A,,A,,A,,A,,A
20181,03744163,7,0,1,175,D,72,D,,A,,A,,A,,A,,A,,A,,A,,A,,A,,A
20181,03744683,16,0,1,,A,,A,65,D,,A,,A,,A,,A,,A,,A,,A,,A,,A
20181,03755412,4,0,1,130,D,60,D,,A,,A,,A,,A,,A,,A,,A,,A,,A,,A
20181,03757252,8,0,1,,A,,A,150,D,,A,,A,,A,,A,,A,,A,,A,,A,,A
20181,03757592,7,0,1,,A,,A,500,D,,A,,A,,A,,A,,A,,A,,A,,A,,A
20181,03761352,12,0,1,175,D,178,D,,A,,A,,A,,A,,A,,A,,A,,A,,A,,A
20181,03761893,10,0,1,,A,,A,480,D,,A,,A,,A,,A,,A,,A,,A,,A,,A
20181,03762142,5,0,1,200,D,200,D,,A,,A,,A,,A,,A,,A,,A,,A,,A,,A
20181,03764262,16,0,1,175,D,150,D,,A,,A,,A,,A,,A,,A,,A,,A,,A,,A
20181,03764412,22,0,1,,A,,A,28,D,,A,,A,,A,,A,,A,,A,,A,,A,,A
20181,03776132,19,0,1,175,D,50,D,,A,,A,,A,,A,,A,,A,,A,,A,,A,,A
20181,03776292,12,0,1,130,D,85,D,,A,,A,,A,,A,,A,,A,,A,,A,,A,,A
20181,03777112,8,0,1,175,D,900,D,,A,,A,,A,,A,,A,,A,,A,,A,,A,,A
20181,03777122,8,0,1,175,D,5,D,,A,,A,,A,,A,,A,,A,,A,,A,,A,,A
20181,03778292,18,0,1,,A,,A,3,D,,A,,A,,A,,A,,A,,A,,A,,A,,A
20181,03778532,11,0,1,,A,,A,45,D,,A,,A,,A,,A,,A,,A,,A,,A,,A
20181,03779382,3,0,1,175,D,40,D,,A,,A,,A,,A,,A,,A,,A,,A,,A,,A
20181,03779672,6,0,1,300,D,6,D,,A,,A,,A,,A,,A,,A,,A,,A,,A,,A
20181,03780142,14,0,1,175,D,100,D,,A,,A,,A,,A,,A,,A,,A,,A,,A,,A
20181,03781982,15,0,1,300,D,63,D,63,D,,A,,A,,A,,A,,A,,A,,A,,A,,A
20181,03782222,12,0,1,,A,,A,1000,D,,A,,A,,A,,A,,A,,A,,A,,A,,A
20181,03782692,17,0,1,,A,,A,9,D,,A,,A,,A,,A,,A,,A,,A,,A,,A
20181,03784332,17,0,1,200,D,112,D,,A,,A,,A,,A,,A,,A,,A,,A,,A,,A
20181,03785662,12,0,1,175,D,90,D,,A,,A,,A,,A,,A,,A,,A,,A,,A,,A
20181,03785782,5,0,1,175,D,12,D,,A,,A,,A,,A,,A,,A,,A,,A,,A,,A
20181,03785952,12,0,1,300,D,3100,D,1600,D,,A,,A,,A,,A,,A,,A,,A,,A,,A
20181,03786682,3,0,1,175,D,150,D,,A,,A,,A,,A,,A,,A,,A,,A,,A,,A
20181,03798722,12,0,1,,A,,A,400,D,,A,,A,,A,,A,,A,,A,,A,,A,,A
20181,03799272,5,0,1,,A,,A,600,D,,A,,A,,A,,A,,A,,A,,A,,A,,A
20181,03799492,10,0,1,,A,,A,500,D,,A,,A,,A,,A,,A,,A,,A,,A,,A
20181,03799632,6,0,1,175,D,60,D,,A,,A,,A,,A,,A,,A,,A,,A,,A,,A
20181,03800642,6,0,1,300,D,100,D,,A,,A,,A,,A,,A,,A,,A,,A,,A,,A
20181,03800862,10,0,1,130,D,3200,D,,A,,A,,A,,A,,A,,A,,A,,A,,A,,A
20181,03801892,2,0,1,,A,,A,100,D,,A,,A,,A,,A,,A,,A,,A,,A,,A
20181,03803232,1,0,1,140,D,1225,D,,A,,A,,A,,A,,A,,A,,A,,A,,A,,A
20181,03803942,5,0,1,130,D,200,D,,A,,A,,A,,A,,A,,A,,A,,A,,A,,A
20181,03805772,6,0,1,150,D,525,D,,A,,A,,A,,A,,A,,A,,A,,A,,A,,A
20181,03805812,7,0,1,,A,,A,75,D,,A,,A,,A,,A,,A,,A,,A,,A,,A
20181,03808362,7,0,1,175,D,44,D,,A,,A,,A,,A,,A,,A,,A,,A,,A,,A
20181,03818671,3,0,1,,A,,A,50,D,,A,,A,,A,,A,,A,,A,,A,,A,,A
20181,03818781,4,0,1,,A,,A,14,D,,A,,A,,A,,A,,A,,A,,A,,A,,A
20181,03819261,6,0,1,,A,,A,200,D,,A,,A,,A,,A,,A,,A,,A,,A,,A
20181,03819351,22,0,1,,A,,A,200,D,,A,,A,,A,,A,,A,,A,,A,,A,,A
20181,03819384,4,0,1,175,D,450,D,,A,,A,,A,,A,,A,,A,,A,,A,,A,,A
20181,03819511,6,0,1,300,D,50,D,,A,,A,,A,,A,,A,,A,,A,,A,,A,,A
20181,03819601,8,0,1,190,D,30,D,,A,,A,,A,,A,,A,,A,,A,,A,,A,,A
20181,03820441,20,0,1,175,D,100,D,,A,,A,,A,,A,,A,,A,,A,,A,,A,,A
20181,03821271,3,0,1,130,D,200,D,,A,,A,,A,,A,,A,,A,,A,,A,,A,,A
20181,03821631,18,0,1,175,D,443,D,,A,,A,,A,,A,,A,,A,,A,,A,,A,,A
20181,03822281,23,0,1,130,D,1700,D,,A,,A,,A,,A,,A,,A,,A,,A,,A,,A
20181,03822391,1,0,1,175,D,15,D,,A,,A,,A,,A,,A,,A,,A,,A,,A,,A
20181,03823294,17,0,1,300,D,200,D,,A,,A,,A,,A,,A,,A,,A,,A,,A,,A
20181,03824131,5,0,1,300,D,100,D,,A,,A,,A,,A,,A,,A,,A,,A,,A,,A
20181,03824391,6,0,1,280,D,100,D,,A,,A,,A,,A,,A,,A,,A,,A,,A,,A
20181,03825021,16,0,1,,A,,A,532,D,,A,,A,,A,,A,,A,,A,,A,,A,,A
20181,03825631,14,0,1,,A,,A,1100,D,,A,,A,,A,,A,,A,,A,,A,,A,,A
20181,03825651,11,0,1,235,D,100,D,,A,,A,,A,,A,,A,,A,,A,,A,,A,,A
20181,03829031,1,0,1,130,D,5000,D,,A,,A,,A,,A,,A,,A,,A,,A,,A,,A
20181,03829091,2,0,1,140,D,136,D,,A,,A,,A,,A,,A,,A,,A,,A,,A,,A
20181,03839871,13,0,1,175,D,150,D,,A,,A,,A,,A,,A,,A,,A,,A,,A,,A
20181,03840321,10,0,1,,A,,A,50,D,,A,,A,,A,,A,,A,,A,,A,,A,,A
20181,03840991,5,0,1,160,D,200,D,,A,,A,,A,,A,,A,,A,,A,,A,,A,,A
20181,03841631,19,0,1,110,D,500,D,,A,,A,,A,,A,,A,,A,,A,,A,,A,,A
20181,03841891,6,0,1,200,D,200,D,,A,,A,,A,,A,,A,,A,,A,,A,,A,,A
20181,03841901,8,0,1,235,D,646,D,,A,,A,,A,,A,,A,,A,,A,,A,,A,,A
20181,03841951,15,0,1,140,D,300,D,,A,,A,,A,,A,,A,,A,,A,,A,,A,,A
20181,03843121,2,0,1,130,D,220,D,,A,,A,,A,,A,,A,,A,,A,,A,,A,,A
20181,03843284,5,0,1,,A,,A,1000,D,,A,,A,,A,,A,,A,,A,,A,,A,,A
20181,03843641,21,0,1,130,D,50,D,,A,,A,,A,,A,,A,,A,,A,,A,,A,,A
20181,03843891,16,0,1,,A,,A,500,D,,A,,A,,A,,A,,A,,A,,A,,A,,A
20181,03843931,5,0,1,300,D,100,D,,A,,A,,A,,A,,A,,A,,A,,A,,A,,A
20181,03843991,2,0,1,270,D,365,D,,A,,A,,A,,A,,A,,A,,A,,A,,A,,A
20181,03844521,6,0,1,175,D,100,D,,A,,A,,A,,A,,A,,A,,A,,A,,A,,A
20181,03844581,13,0,1,300,D,15,D,10,D,,A,,A,,A,,A,,A,,A,,A,,A,,A
20181,03845261,15,0,1,120,D,75,D,,A,,A,,A,,A,,A,,A,,A,,A,,A,,A
20181,03846951,26,0,1,300,D,260,D,,A,,A,,A,,A,,A,,A,,A,,A,,A,,A
20181,03847941,6,0,1,200,D,200,F,,A,,A,,A,,A,,A,,A,,A,,A,,A,,A
20181,03847981,22,0,1,300,D,100,D,,A,,A,,A,,A,,A,,A,,A,,A,,A,,A
20181,03848741,25,0,1,210,D,150,D,,A,,A,,A,,A,,A,,A,,A,,A,,A,,A
20181,03851021,17,0,1,,A,,A,100,D,,A,,A,,A,,A,,A,,A,,A,,A,,A
20181,03852331,20,0,1,175,D,150,F,,A,,A,,A,,A,,A,,A,,A,,A,,A,,A
20181,03852651,7,0,1,300,D,600,D,,A,,A,,A,,A,,A,,A,,A,,A,,A,,A
20181,03853361,16,0,1,175,D,30,D,,A,,A,,A,,A,,A,,A,,A,,A,,A,,A
20181,03853991,6,0,1,280,D,200,D,,A,,A,,A,,A,,A,,A,,A,,A,,A,,A
20181,03854341,4,0,1,235,D,400,D,60,D,,A,,A,,A,,A,,A,,A,,A,,A,,A
20181,03856291,8,0,1,235,D,160,D,,A,,A,,A,,A,,A,,A,,A,,A,,A,,A
20181,03857001,3,0,1,175,D,50,D,,A,,A,,A,,A,,A,,A,,A,,A,,A,,A
20181,03857421,5,0,1,,A,,A,20,D,,A,,A,,A,,A,,A,,A,,A,,A,,A
20181,03858931,12,0,1,210,D,200,D,,A,,A,,A,,A,,A,,A,,A,,A,,A,,A
20181,03859941,11,0,1,175,D,500,D,225,D,,A,,A,,A,,A,,A,,A,,A,,A,,A
20181,03860051,8,0,1,190,D,100,D,,A,,A,,A,,A,,A,,A,,A,,A,,A,,A
20182,03693514,5,0,1,300,D,400,D,,A,,A,,A,,A,,A,,A,,A,,A,,A,,A
20182,03693884,10,0,1,,A,,A,1600,D,,A,,A,,A,,A,,A,,A,,A,,A,,A
20182,03694294,7,0,1,140,D,380,D,,A,,A,,A,,A,,A,,A,,A,,A,,A,,A
20182,03694554,4,0,1,130,D,2200,D,,A,,A,,A,,A,,A,,A,,A,,A,,A,,A
20182,03694934,4,0,1,,A,,A,10,D,,A,,A,,A,,A,,A,,A,,A,,A,,A
20182,03696664,6,0,1,235,D,150,D,,A,,A,,A,,A,,A,,A,,A,,A,,A,,A
20182,03697674,10,0,1,,A,,A,15,D,,A,,A,,A,,A,,A,,A,,A,,A,,A
20182,03698224,11,0,1,,A,,A,75,D,,A,,A,,A,,A,,A,,A,,A,,A,,A
20182,03698714,6,0,1,300,D,1025,D,,A,,A,,A,,A,,A,,A,,A,,A,,A,,A
20182,03699064,15,0,1,160,D,78,D,,A,,A,,A,,A,,A,,A,,A,,A,,A,,A
20182,03699074,10,0,1,300,D,100,D,,A,,A,,A,,A,,A,,A,,A,,A,,A,,A
20182,03699254,12,0,1,300,D,700,D,,A,,A,,A,,A,,A,,A,,A,,A,,A,,A
20182,03699684,6,0,1,,A,,A,200,D,,A,,A,,A,,A,,A,,A,,A,,A,,A
20182,03701214,5,0,1,300,D,300,D,,A,,A,,A,,A,,A,,A,,A,,A,,A,,A
20182,03701374,3,0,1,,A,,A,40,D,,A,,A,,A,,A,,A,,A,,A,,A,,A
20182,03702344,9,0,1,300,D,680,D,,A,,A,,A,,A,,A,,A,,A,,A,,A,,A
20182,03714154,3,0,1,300,D,450,D,,A,,A,,A,,A,,A,,A,,A,,A,,A,,A
20182,03714864,1,0,1,235,D,700,D,,A,,A,,A,,A,,A,,A,,A,,A,,A,,A
20182,03716404,3,0,1,175,D,100,D,,A,,A,,A,,A,,A,,A,,A,,A,,A,,A
20182,03717644,9,0,1,,A,,A,25,D,,A,,A,,A,,A,,A,,A,,A,,A,,A
20182,03718014,4,0,1,260,D,700,D,,A,,A,,A,,A,,A,,A,,A,,A,,A,,A
20182,03718804,2,0,1,300,D,200,D,,A,,A,,A,,A,,A,,A,,A,,A,,A,,A
20182,03719194,17,3,1,300,D,64,E,,A,,A,,A,,A,,A,,A,,A,,A,,A,,A
20182,03719194,17,2,1,280,D,129,E,,A,,A,,A,,A,,A,,A,,A,,A,,A,,A
20182,03719194,17,1,1,175,D,21,E,,A,,A,,A,,A,,A,,A,,A,,A,,A,,A
20182,03719194,17,0,1,310,D,,H,,A,175,D,280,D,300,D,,A,,A,,A,,A,,A,,A
20182,03719414,6,0,1,,A,,A,500,D,,A,,A,,A,,A,,A,,A,,A,,A,,A
20182,03720424,1,0,1,300,D,500,D,1,D,,A,,A,,A,,A,,A,,A,,A,,A,,A
20182,03721014,8,0,1,175,D,47,D,,A,,A,,A,,A,,A,,A,,A,,A,,A,,A
20182,03721424,14,0,1,140,D,101,D,,A,,A,,A,,A,,A,,A,,A,,A,,A,,A
20182,03721864,7,0,1,,A,,A,180,D,,A,,A,,A,,A,,A,,A,,A,,A,,A
20182,03722504,3,0,1,300,D,363,D,,A,,A,,A,,A,,A,,A,,A,,A,,A,,A
20182,03723254,7,0,1,175,D,40,D,,A,,A,,A,,A,,A,,A,,A,,A,,A,,A
20182,03723354,4,0,1,,A,,A,74,D,,A,,A,,A,,A,,A,,A,,A,,A,,A
20182,03734804,8,0,1,140,D,300,D,,A,,A,,A,,A,,A,,A,,A,,A,,A,,A
20182,03735654,4,0,1,235,D,30,D,,A,,A,,A,,A,,A,,A,,A,,A,,A,,A
20182,03735974,1,0,1,300,D,50,D,,A,,A,,A,,A,,A,,A,,A,,A,,A,,A
20182,03736284,7,0,1,130,D,50,D,,A,,A,,A,,A,,A,,A,,A,,A,,A,,A
20182,03739684,7,0,1,100,D,200,D,,A,,A,,A,,A,,A,,A,,A,,A,,A,,A
20182,03740404,11,0,1,160,D,100,D,,A,,A,,A,,A,,A,,A,,A,,A,,A,,A
20182,03744114,6,0,1,,A,,A,5,D,,A,,A,,A,,A,,A,,A,,A,,A,,A
20182,03744684,9,0,1,,A,,A,230,D,,A,,A,,A,,A,,A,,A,,A,,A,,A
20182,03755803,4,0,1,175,D,56,D,,A,,A,,A,,A,,A,,A,,A,,A,,A,,A
20182,03757513,3,0,1,,A,,A,1800,D,,A,,A,,A,,A,,A,,A,,A,,A,,A
20182,03757703,6,0,1,175,D,110,D,,A,,A,,A,,A,,A,,A,,A,,A,,A,,A
20182,03761303,1,0,1,300,D,100,D,,A,,A,,A,,A,,A,,A,,A,,A,,A,,A
20182,03761463,4,0,1,,A,,A,200,D,,A,,A,,A,,A,,A,,A,,A,,A,,A
20182,03761894,6,0,1,,A,,A,174,D,,A,,A,,A,,A,,A,,A,,A,,A,,A
20182,03762873,5,0,1,,A,,A,150,D,,A,,A,,A,,A,,A,,A,,A,,A,,A
20182,03764303,7,0,1,260,D,120,D,,A,,A,,A,,A,,A,,A,,A,,A,,A,,A
20182,03764503,5,0,1,300,D,273,D,,A,,A,,A,,A,,A,,A,,A,,A,,A,,A
20182,03765193,2,0,1,,A,,A,81,D,,A,,A,,A,,A,,A,,A,,A,,A,,A
20182,03765253,7,0,1,175,D,90,D,,A,,A,,A,,A,,A,,A,,A,,A,,A,,A
20182,03765543,15,0,1,,A,,A,50,D,,A,,A,,A,,A,,A,,A,,A,,A,,A
20182,03765843,7,0,1,,A,,A,100,D,,A,,A,,A,,A,,A,,A,,A,,A,,A
20182,03776133,10,0,1,,A,,A,100,D,,A,,A,,A,,A,,A,,A,,A,,A,,A
20182,03777723,15,0,1,130,D,300,D,,A,,A,,A,,A,,A,,A,,A,,A,,A,,A
20182,03777883,4,0,1,,A,,A,70,D,,A,,A,,A,,A,,A,,A,,A,,A,,A
20182,03778333,2,0,1,300,D,50,D,,A,,A,,A,,A,,A,,A,,A,,A,,A,,A
20182,03778533,8,0,1,140,D,1258,D,,A,,A,,A,,A,,A,,A,,A,,A,,A,,A
20182,03780773,9,0,1,175,D,250,D,,A,,A,,A,,A,,A,,A,,A,,A,,A,,A
20182,03782523,5,0,1,,A,,A,60,D,,A,,A,,A,,A,,A,,A,,A,,A,,A
20182,03782693,12,0,1,150,D,3000,D,,A,,A,,A,,A,,A,,A,,A,,A,,A,,A
20182,03783773,3,0,1,235,D,88,D,,A,,A,,A,,A,,A,,A,,A,,A,,A,,A
20182,03784333,14,0,1,300,D,50,D,,A,,A,,A,,A,,A,,A,,A,,A,,A,,A
20182,03784673,4,0,1,280,D,400,D,,A,,A,,A,,A,,A,,A,,A,,A,,A,,A
20182,03785403,2,0,1,175,D,190,D,,A,,A,,A,,A,,A,,A,,A,,A,,A,,A
20182,03785743,4,0,1,175,D,50,D,,A,,A,,A,,A,,A,,A,,A,,A,,A,,A
20182,03799493,11,0,1,175,D,1000,D,,A,,A,,A,,A,,A,,A,,A,,A,,A,,A
20182,03800643,3,0,1,235,D,787,D,,A,,A,,A,,A,,A,,A,,A,,A,,A,,A
20182,03801833,6,0,1,220,D,43,D,54,D,,A,,A,,A,,A,,A,,A,,A,,A,,A
20182,03803103,8,0,1,,A,,A,872,D,,A,,A,,A,,A,,A,,A,,A,,A,,A
20182,03803233,2,0,1,300,D,12,D,86,D,,A,,A,,A,,A,,A,,A,,A,,A,,A
20182,03804403,4,0,1,175,D,60,D,,A,,A,,A,,A,,A,,A,,A,,A,,A,,A
20182,03804613,6,0,1,140,D,30,D,,A,,A,,A,,A,,A,,A,,A,,A,,A,,A
20182,03805753,15,0,1,140,D,503,D,,A,,A,,A,,A,,A,,A,,A,,A,,A,,A
20182,03805853,5,0,1,,A,,A,50,D,,A,,A,,A,,A,,A,,A,,A,,A,,A
20182,03806863,4,0,1,175,D,14,D,,A,,A,,A,,A,,A,,A,,A,,A,,A,,A
20182,03807083,4,0,1,,A,,A,103,D,,A,,A,,A,,A,,A,,A,,A,,A,,A
20182,03818562,5,0,1,175,D,50,D,,A,,A,,A,,A,,A,,A,,A,,A,,A,,A
20182,03819202,4,0,1,160,D,280,D,,A,,A,,A,,A,,A,,A,,A,,A,,A,,A
20182,03819442,10,0,1,235,D,1000,D,,A,,A,,A,,A,,A,,A,,A,,A,,A,,A
20182,03821412,9,0,1,130,D,300,D,,A,,A,,A,,A,,A,,A,,A,,A,,A,,A
20182,03822262,4,0,1,,A,,A,25,D,,A,,A,,A,,A,,A,,A,,A,,A,,A
20182,03823262,21,0,1,,A,,A,10,D,,A,,A,,A,,A,,A,,A,,A,,A,,A
20182,03823552,5,0,1,300,D,400,D,,A,,A,,A,,A,,A,,A,,A,,A,,A,,A
20182,03824242,5,0,1,,A,,A,40,D,,A,,A,,A,,A,,A,,A,,A,,A,,A
20182,03825072,7,0,1,300,D,200,D,,A,,A,,A,,A,,A,,A,,A,,A,,A,,A
20182,03825182,2,0,1,110,D,4000,D,,A,,A,,A,,A,,A,,A,,A,,A,,A,,A
20182,03825262,4,0,1,,A,,A,3000,D,,A,,A,,A,,A,,A,,A,,A,,A,,A
20182,03825342,3,0,1,,A,,A,25,D,,A,,A,,A,,A,,A,,A,,A,,A,,A
20182,03825562,10,0,1,140,D,100,D,,A,,A,,A,,A,,A,,A,,A,,A,,A,,A
20182,03826372,5,0,1,300,D,250,D,,A,,A,,A,,A,,A,,A,,A,,A,,A,,A
20182,03828612,3,0,1,130,D,2000,D,,A,,A,,A,,A,,A,,A,,A,,A,,A,,A
20182,03839852,5,0,1,235,D,1200,D,,A,,A,,A,,A,,A,,A,,A,,A,,A,,A
20182,03839932,5,0,1,,A,,A,237,D,,A,,A,,A,,A,,A,,A,,A,,A,,A
20182,03841902,2,0,1,235,D,460,D,,A,,A,,A,,A,,A,,A,,A,,A,,A,,A
20182,03843192,13,0,1,175,D,10,D,,A,,A,,A,,A,,A,,A,,A,,A,,A,,A
20182,03843992,12,0,1,,A,,A,1746,D,,A,,A,,A,,A,,A,,A,,A,,A,,A
20182,03846022,10,0,1,200,D,60,D,,A,,A,,A,,A,,A,,A,,A,,A,,A,,A
20182,03846952,14,0,1,,A,,A,40,D,,A,,A,,A,,A,,A,,A,,A,,A,,A
20182,03847002,8,0,1,130,D,13000,D,,A,,A,,A,,A,,A,,A,,A,,A,,A,,A
20182,03848582,7,0,1,,A,,A,40,D,,A,,A,,A,,A,,A,,A,,A,,A,,A
20182,03848722,5,0,1,300,D,800,D,,A,,A,,A,,A,,A,,A,,A,,A,,A,,A
20182,03848742,21,0,1,210,D,90,D,,A,,A,,A,,A,,A,,A,,A,,A,,A,,A
20182,03848822,6,0,1,,A,,A,25,D,,A,,A,,A,,A,,A,,A,,A,,A,,A
20182,03848952,6,0,1,200,D,30,D,,A,,A,,A,,A,,A,,A,,A,,A,,A,,A
20182,03850822,9,0,1,175,D,100,D,,A,,A,,A,,A,,A,,A,,A,,A,,A,,A
20182,03850992,3,0,1,130,D,210,D,,A,,A,,A,,A,,A,,A,,A,,A,,A,,A
20182,03851032,13,0,1,300,D,700,D,,A,,A,,A,,A,,A,,A,,A,,A,,A,,A
20182,03851262,6,0,1,160,D,300,D,,A,,A,,A,,A,,A,,A,,A,,A,,A,,A
20182,03852112,8,0,1,175,D,100,D,,A,,A,,A,,A,,A,,A,,A,,A,,A,,A
20182,03852752,12,0,1,130,D,60,D,,A,,A,,A,,A,,A,,A,,A,,A,,A,,A
20182,03856992,8,0,1,300,D,160,D,,A,,A,,A,,A,,A,,A,,A,,A,,A,,A
20182,03857422,6,0,1,,A,,A,20,D,,A,,A,,A,,A,,A,,A,,A,,A,,A
20182,03857842,7,0,1,130,D,625,D,,A,,A,,A,,A,,A,,A,,A,,A,,A,,A
20182,03858822,5,0,1,220,D,395,D,,A,,A,,A,,A,,A,,A,,A,,A,,A,,A
20182,03859092,3,0,1,,A,,A,30,D,,A,,A,,A,,A,,A,,A,,A,,A,,A
20182,03891181,3,0,1,300,D,200,D,,A,,A,,A,,A,,A,,A,,A,,A,,A,,A
20182,03892061,7,0,1,130,D,2500,D,,A,,A,,A,,A,,A,,A,,A,,A,,A,,A
20182,03892891,6,0,1,200,D,200,D,,A,,A,,A,,A,,A,,A,,A,,A,,A,,A
20182,03893591,4,0,1,,A,,A,225,D,,A,,A,,A,,A,,A,,A,,A,,A,,A
20182,03893981,11,0,1,160,D,40,D,,A,,A,,A,,A,,A,,A,,A,,A,,A,,A
20182,03894071,7,0,1,100,D,1500,D,,A,,A,,A,,A,,A,,A,,A,,A,,A,,A
20182,03894191,2,0,1,,A,,A,3,D,,A,,A,,A,,A,,A,,A,,A,,A,,A
20182,03894241,9,1,1,300,D,1312,E,,A,,A,,A,,A,,A,,A,,A,,A,,A,,A
20182,03894241,9,0,1,310,D,,H,200,D,300,D,220,D,,A,,A,,A,,A,,A,,A,,A
20182,03894241,9,2,1,220,D,188,E,,A,,A,,A,,A,,A,,A,,A,,A,,A,,A
20182,03894371,9,0,1,220,D,2000,D,,A,,A,,A,,A,,A,,A,,A,,A,,A,,A
20182,03894451,3,0,1,,A,,A,200,D,,A,,A,,A,,A,,A,,A,,A,,A,,A
20182,03895151,9,0,1,300,D,400,D,200,D,,A,,A,,A,,A,,A,,A,,A,,A,,A
20182,03895571,5,0,1,140,D,500,D,,A,,A,,A,,A,,A,,A,,A,,A,,A,,A
20182,03896531,4,0,1,150,D,1500,D,,A,,A,,A,,A,,A,,A,,A,,A,,A,,A
20182,03897951,8,0,1,,A,,A,400,D,,A,,A,,A,,A,,A,,A,,A,,A,,A
20182,03898321,9,0,1,300,D,500,D,,A,,A,,A,,A,,A,,A,,A,,A,,A,,A
20182,03899701,1,0,1,280,D,350,D,,A,,A,,A,,A,,A,,A,,A,,A,,A,,A
20182,03900051,16,0,1,175,D,100,D,,A,,A,,A,,A,,A,,A,,A,,A,,A,,A
20182,03900071,6,0,1,300,D,300,D,,A,,A,,A,,A,,A,,A,,A,,A,,A,,A
20182,03900131,6,0,1,260,D,100,D,,A,,A,,A,,A,,A,,A,,A,,A,,A,,A
20182,03900621,2,0,1,130,D,1000,D,,A,,A,,A,,A,,A,,A,,A,,A,,A,,A
20182,03901081,6,0,1,130,D,150,D,,A,,A,,A,,A,,A,,A,,A,,A,,A,,A
20182,03901101,1,0,1,175,D,500,D,,A,,A,,A,,A,,A,,A,,A,,A,,A,,A
20182,03902051,3,0,1,190,D,50,D,,A,,A,,A,,A,,A,,A,,A,,A,,A,,A
20182,03902224,22,1,1,280,D,1400,E,,A,,A,,A,,A,,A,,A,,A,,A,,A,,A
20182,03902224,22,0,1,310,D,,H,,A,280,D,240,D,,A,,A,,A,,A,,A,,A,,A
20182,03904341,1,0,1,,A,,A,300,D,,A,,A,,A,,A,,A,,A,,A,,A,,A
20182,03904881,1,0,1,300,D,810,D,,A,,A,,A,,A,,A,,A,,A,,A,,A,,A
20182,03905711,11,0,1,150,D,190,D,,A,,A,,A,,A,,A,,A,,A,,A,,A,,A
20182,03906461,12,0,1,175,D,100,D,,A,,A,,A,,A,,A,,A,,A,,A,,A,,A
20182,03906781,5,0,1,130,D,100,D,,A,,A,,A,,A,,A,,A,,A,,A,,A,,A
20182,03908121,10,0,1,,A,,A,1700,D,,A,,A,,A,,A,,A,,A,,A,,A,,A
20182,03908131,6,0,1,,A,,A,150,D,,A,,A,,A,,A,,A,,A,,A,,A,,A
20182,03908271,4,0,1,130,D,480,D,,A,,A,,A,,A,,A,,A,,A,,A,,A,,A
20182,03908781,4,0,1,300,D,450,D,,A,,A,,A,,A,,A,,A,,A,,A,,A,,A
20182,03909831,5,0,1,175,D,300,D,,A,,A,,A,,A,,A,,A,,A,,A,,A,,A
20182,03910081,6,0,1,140,D,500,D,,A,,A,,A,,A,,A,,A,,A,,A,,A,,A
20182,03910391,10,0,1,130,D,850,D,,A,,A,,A,,A,,A,,A,,A,,A,,A,,A
20182,03910611,17,0,1,175,D,65,D,,A,,A,,A,,A,,A,,A,,A,,A,,A,,A
20182,03910901,3,0,1,,A,,A,65,D,,A,,A,,A,,A,,A,,A,,A,,A,,A
20182,03911411,2,0,1,175,D,50,D,,A,,A,,A,,A,,A,,A,,A,,A,,A,,A
20182,03911541,3,0,1,140,D,800,D,,A,,A,,A,,A,,A,,A,,A,,A,,A,,A
20182,03911661,8,0,1,140,D,100,D,,A,,A,,A,,A,,A,,A,,A,,A,,A,,A
20182,03912291,14,0,1,175,D,30,D,,A,,A,,A,,A,,A,,A,,A,,A,,A,,A
20182,03912401,10,0,1,175,D,125,D,,A,,A,,A,,A,,A,,A,,A,,A,,A,,A
20182,03912681,2,0,1,300,D,300,D,,A,,A,,A,,A,,A,,A,,A,,A,,A,,A
20182,03922891,25,0,1,,A,,A,30,D,,A,,A,,A,,A,,A,,A,,A,,A,,A
20182,03923751,4,1,1,150,D,1300,E,,A,,A,,A,,A,,A,,A,,A,,A,,A,,A
20182,03923751,4,0,1,310,D,,H,,A,150,D,210,D,,A,,A,,A,,A,,A,,A,,A
20182,03924001,11,0,1,280,D,600,D,,A,,A,,A,,A,,A,,A,,A,,A,,A,,A
20182,03924421,5,0,1,175,D,100,D,,A,,A,,A,,A,,A,,A,,A,,A,,A,,A
20182,03925421,10,0,1,300,D,2100,D,,A,,A,,A,,A,,A,,A,,A,,A,,A,,A
20182,03926511,4,0,1,,A,,A,50,D,,A,,A,,A,,A,,A,,A,,A,,A,,A
20182,03926691,3,0,1,200,D,168,D,,A,,A,,A,,A,,A,,A,,A,,A,,A,,A
20182,03927141,9,0,1,130,D,500,D,,A,,A,,A,,A,,A,,A,,A,,A,,A,,A
20182,03927331,16,0,1,300,D,400,D,,A,,A,,A,,A,,A,,A,,A,,A,,A,,A
20182,03927421,4,0,1,290,D,40,D,,A,,A,,A,,A,,A,,A,,A,,A,,A,,A
20182,03928361,7,0,1,300,D,300,D,,A,,A,,A,,A,,A,,A,,A,,A,,A,,A
20182,03929421,7,0,1,130,D,100,D,,A,,A,,A,,A,,A,,A,,A,,A,,A,,A
20182,03929601,4,0,1,,A,,A,150,D,,A,,A,,A,,A,,A,,A,,A,,A,,A
20182,03929901,8,0,1,300,D,300,D,,A,,A,,A,,A,,A,,A,,A,,A,,A,,A
20182,03930001,11,0,1,175,D,150,D,,A,,A,,A,,A,,A,,A,,A,,A,,A,,A
20182,03930471,4,0,1,175,D,400,D,,A,,A,,A,,A,,A,,A,,A,,A,,A,,A
20182,03932231,4,0,1,,A,,A,300,D,,A,,A,,A,,A,,A,,A,,A,,A,,A
20182,03932681,12,0,1,160,D,10,D,,A,,A,,A,,A,,A,,A,,A,,A,,A,,A
20182,03933191,5,0,1,140,D,40,D,,A,,A,,A,,A,,A,,A,,A,,A,,A,,A
20183,03756554,3,0,1,160,D,100,D,,A,,A,,A,,A,,A,,A,,A,,A,,A,,A
20183,03756754,6,0,1,190,D,900,D,,A,,A,,A,,A,,A,,A,,A,,A,,A,,A
20183,03756964,6,0,1,140,D,130,D,,A,,A,,A,,A,,A,,A,,A,,A,,A,,A
20183,03757704,6,0,1,,A,,A,65,D,,A,,A,,A,,A,,A,,A,,A,,A,,A
20183,03758364,3,0,1,,A,,A,50,D,,A,,A,,A,,A,,A,,A,,A,,A,,A
20183,03758924,3,0,1,175,D,112,D,,A,,A,,A,,A,,A,,A,,A,,A,,A,,A
20183,03759674,11,0,1,300,D,3000,D,,A,,A,,A,,A,,A,,A,,A,,A,,A,,A
20183,03759834,3,0,1,175,D,150,D,,A,,A,,A,,A,,A,,A,,A,,A,,A,,A
20183,03760064,6,0,1,175,D,400,D,,A,,A,,A,,A,,A,,A,,A,,A,,A,,A
20183,03760784,18,0,1,130,D,100,D,,A,,A,,A,,A,,A,,A,,A,,A,,A,,A
20183,03761644,9,0,1,300,D,100,D,50,D,,A,,A,,A,,A,,A,,A,,A,,A,,A
20183,03762144,6,0,1,130,D,1000,D,,A,,A,,A,,A,,A,,A,,A,,A,,A,,A
20183,03765024,3,0,1,200,D,864,D,,A,,A,,A,,A,,A,,A,,A,,A,,A,,A
20183,03766034,11,0,1,175,D,150,D,200,D,,A,,A,,A,,A,,A,,A,,A,,A,,A
20183,03776344,4,0,1,175,D,100,F,,A,,A,,A,,A,,A,,A,,A,,A,,A,,A
20183,03776564,13,0,1,300,D,400,D,,A,,A,,A,,A,,A,,A,,A,,A,,A,,A
20183,03777114,9,0,1,175,D,60,D,,A,,A,,A,,A,,A,,A,,A,,A,,A,,A
20183,03778514,4,0,1,290,D,45,D,,A,,A,,A,,A,,A,,A,,A,,A,,A,,A
20183,03781974,8,0,1,130,D,600,D,,A,,A,,A,,A,,A,,A,,A,,A,,A,,A
20183,03782524,6,0,1,175,D,75,D,,A,,A,,A,,A,,A,,A,,A,,A,,A,,A
20183,03784264,4,0,1,175,D,100,D,,A,,A,,A,,A,,A,,A,,A,,A,,A,,A
20183,03785404,3,0,1,300,D,30,D,,A,,A,,A,,A,,A,,A,,A,,A,,A,,A
20183,03798714,3,0,1,260,D,3300,D,,A,,A,,A,,A,,A,,A,,A,,A,,A,,A
20183,03799734,12,0,1,235,D,920,D,,A,,A,,A,,A,,A,,A,,A,,A,,A,,A
20183,03800644,8,0,1,235,D,1000,D,,A,,A,,A,,A,,A,,A,,A,,A,,A,,A
20183,03800864,4,0,1,300,D,600,D,,A,,A,,A,,A,,A,,A,,A,,A,,A,,A
20183,03801504,11,0,1,130,D,80,D,,A,,A,,A,,A,,A,,A,,A,,A,,A,,A
20183,03801554,2,0,1,300,D,30,D,,A,,A,,A,,A,,A,,A,,A,,A,,A,,A
20183,03804054,8,0,1,300,D,500,D,,A,,A,,A,,A,,A,,A,,A,,A,,A,,A
20183,03805044,8,0,1,300,D,200,D,,A,,A,,A,,A,,A,,A,,A,,A,,A,,A
20183,03805844,11,0,1,175,D,40,D,,A,,A,,A,,A,,A,,A,,A,,A,,A,,A
20183,03805854,3,0,1,,A,,A,180,D,,A,,A,,A,,A,,A,,A,,A,,A,,A
20183,03805924,18,0,1,200,D,2500,D,,A,,A,,A,,A,,A,,A,,A,,A,,A,,A
20183,03807224,13,0,1,300,D,200,D,,A,,A,,A,,A,,A,,A,,A,,A,,A,,A
20183,03807614,5,0,1,300,D,35,D,,A,,A,,A,,A,,A,,A,,A,,A,,A,,A
20183,03807754,6,0,1,,A,,A,240,D,,A,,A,,A,,A,,A,,A,,A,,A,,A
20183,03807884,3,0,1,130,D,400,D,200,D,,A,,A,,A,,A,,A,,A,,A,,A,,A
20183,03819503,9,0,1,130,D,2500,D,,A,,A,,A,,A,,A,,A,,A,,A,,A,,A
20183,03819513,6,0,1,300,D,260,D,,A,,A,,A,,A,,A,,A,,A,,A,,A,,A
20183,03820363,5,0,1,300,D,16,D,,A,,A,,A,,A,,A,,A,,A,,A,,A,,A
20183,03822443,8,0,1,300,D,146,D,,A,,A,,A,,A,,A,,A,,A,,A,,A,,A
20183,03822763,7,0,1,300,D,341,D,,A,,A,,A,,A,,A,,A,,A,,A,,A,,A
20183,03823523,5,0,1,300,D,1800,D,,A,,A,,A,,A,,A,,A,,A,,A,,A,,A
20183,03823553,9,0,1,140,D,250,D,,A,,A,,A,,A,,A,,A,,A,,A,,A,,A
20183,03827643,2,0,1,300,D,220,D,,A,,A,,A,,A,,A,,A,,A,,A,,A,,A
20183,03828473,6,0,1,200,D,129,D,,A,,A,,A,,A,,A,,A,,A,,A,,A,,A
20183,03828573,1,0,1,300,D,200,D,,A,,A,,A,,A,,A,,A,,A,,A,,A,,A
20183,03828613,3,0,1,,A,,A,300,D,,A,,A,,A,,A,,A,,A,,A,,A,,A
20183,03828803,6,0,1,110,D,3500,D,,A,,A,,A,,A,,A,,A,,A,,A,,A,,A
20183,03840823,2,0,1,175,D,25,D,,A,,A,,A,,A,,A,,A,,A,,A,,A,,A
20183,03841383,7,0,1,,A,,A,1500,D,,A,,A,,A,,A,,A,,A,,A,,A,,A
20183,03842273,6,0,1,,A,,A,46,D,,A,,A,,A,,A,,A,,A,,A,,A,,A
20183,03842883,10,0,1,190,D,250,D,,A,,A,,A,,A,,A,,A,,A,,A,,A,,A
20183,03846283,10,0,1,300,D,50,D,,A,,A,,A,,A,,A,,A,,A,,A,,A,,A
20183,03847443,2,0,1,130,D,3000,D,,A,,A,,A,,A,,A,,A,,A,,A,,A,,A
20183,03847723,6,0,1,175,D,35,D,,A,,A,,A,,A,,A,,A,,A,,A,,A,,A
20183,03849513,19,0,1,150,D,100,D,,A,,A,,A,,A,,A,,A,,A,,A,,A,,A
20183,03849553,4,0,1,140,D,160,D,,A,,A,,A,,A,,A,,A,,A,,A,,A,,A
20183,03849973,10,0,1,210,D,300,D,,A,,A,,A,,A,,A,,A,,A,,A,,A,,A
20183,03850293,7,0,1,190,D,310,D,,A,,A,,A,,A,,A,,A,,A,,A,,A,,A
20183,03851163,3,0,1,200,D,80,D,,A,,A,,A,,A,,A,,A,,A,,A,,A,,A
20183,03851943,6,0,1,,A,,A,200,D,,A,,A,,A,,A,,A,,A,,A,,A,,A
20183,03852333,17,0,1,,A,,A,66,D,,A,,A,,A,,A,,A,,A,,A,,A,,A
20183,03854273,6,0,1,300,D,341,F,,A,,A,,A,,A,,A,,A,,A,,A,,A,,A
20183,03854343,3,0,1,,A,,A,150,D,,A,,A,,A,,A,,A,,A,,A,,A,,A
20183,03856063,7,0,1,140,D,20,D,102,D,,A,,A,,A,,A,,A,,A,,A,,A,,A
20183,03856393,16,0,1,,A,,A,300,D,,A,,A,,A,,A,,A,,A,,A,,A,,A
20183,03856553,4,0,1,120,D,75,D,,A,,A,,A,,A,,A,,A,,A,,A,,A,,A
20183,03857333,5,0,1,300,D,250,D,,A,,A,,A,,A,,A,,A,,A,,A,,A,,A
20183,03858243,2,0,1,300,D,150,D,,A,,A,,A,,A,,A,,A,,A,,A,,A,,A
20183,03859093,10,0,1,,A,,A,50,D,,A,,A,,A,,A,,A,,A,,A,,A,,A
20183,03859203,18,0,1,175,D,70,D,,A,,A,,A,,A,,A,,A,,A,,A,,A,,A
20183,03859323,8,0,1,300,D,1000,D,,A,,A,,A,,A,,A,,A,,A,,A,,A,,A
20183,03859663,4,0,1,300,D,250,D,,A,,A,,A,,A,,A,,A,,A,,A,,A,,A
20183,03891282,6,0,1,,A,,A,6000,D,,A,,A,,A,,A,,A,,A,,A,,A,,A
20183,03891462,5,0,1,175,D,40,D,,A,,A,,A,,A,,A,,A,,A,,A,,A,,A
20183,03891752,5,0,1,160,D,100,D,,A,,A,,A,,A,,A,,A,,A,,A,,A,,A
20183,03891972,3,0,1,300,D,105,D,,A,,A,,A,,A,,A,,A,,A,,A,,A,,A
20183,03892062,4,0,1,220,D,1000,D,,A,,A,,A,,A,,A,,A,,A,,A,,A,,A
20183,03895512,9,0,1,175,D,66,D,,A,,A,,A,,A,,A,,A,,A,,A,,A,,A
20183,03895992,14,0,1,300,D,30,D,30,D,,A,,A,,A,,A,,A,,A,,A,,A,,A
20183,03896122,5,0,1,,A,,A,180,D,,A,,A,,A,,A,,A,,A,,A,,A,,A
20183,03896622,2,0,1,110,D,6000,D,,A,,A,,A,,A,,A,,A,,A,,A,,A,,A
20183,03896712,4,0,1,175,D,28,D,,A,,A,,A,,A,,A,,A,,A,,A,,A,,A
20183,03896842,1,0,1,,A,,A,80,D,,A,,A,,A,,A,,A,,A,,A,,A,,A
20183,03897052,6,0,1,,A,,A,20,D,,A,,A,,A,,A,,A,,A,,A,,A,,A
20183,03897822,7,0,1,300,D,180,D,,A,,A,,A,,A,,A,,A,,A,,A,,A,,A
20183,03899572,20,0,1,,A,,A,280,D,,A,,A,,A,,A,,A,,A,,A,,A,,A
20183,03899822,7,0,1,130,D,80,D,,A,,A,,A,,A,,A,,A,,A,,A,,A,,A
20183,03899882,11,0,1,175,D,12,D,,A,,A,,A,,A,,A,,A,,A,,A,,A,,A
20183,03900422,7,0,1,,A,,A,87,D,,A,,A,,A,,A,,A,,A,,A,,A,,A
20183,03901082,2,0,1,175,D,90,D,,A,,A,,A,,A,,A,,A,,A,,A,,A,,A
20183,03901102,2,0,1,,A,,A,1800,D,,A,,A,,A,,A,,A,,A,,A,,A,,A
20183,03902542,5,0,1,300,D,148,D,,A,,A,,A,,A,,A,,A,,A,,A,,A,,A
20183,03902662,10,0,1,210,D,200,D,200,D,,A,,A,,A,,A,,A,,A,,A,,A,,A
20183,03903162,7,0,1,300,D,600,D,,A,,A,,A,,A,,A,,A,,A,,A,,A,,A
20183,03903582,2,0,1,,A,,A,2500,D,,A,,A,,A,,A,,A,,A,,A,,A,,A
20183,03905752,6,0,1,160,D,300,D,,A,,A,,A,,A,,A,,A,,A,,A,,A,,A
20183,03905832,5,0,1,,A,,A,10,D,,A,,A,,A,,A,,A,,A,,A,,A,,A
20183,03906062,3,0,1,175,D,350,D,,A,,A,,A,,A,,A,,A,,A,,A,,A,,A
20183,03906152,10,0,1,300,D,100,D,,A,,A,,A,,A,,A,,A,,A,,A,,A,,A
20183,03906752,8,0,1,235,D,67,D,,A,,A,,A,,A,,A,,A,,A,,A,,A,,A
20183,03907292,9,0,1,175,D,100,D,,A,,A,,A,,A,,A,,A,,A,,A,,A,,A
20183,03909292,2,0,1,130,D,800,D,,A,,A,,A,,A,,A,,A,,A,,A,,A,,A
20183,03910082,9,0,1,175,D,90,D,,A,,A,,A,,A,,A,,A,,A,,A,,A,,A
20183,03910902,4,0,1,,A,,A,50,D,,A,,A,,A,,A,,A,,A,,A,,A,,A
20183,03911142,7,0,1,210,D,50,D,,A,,A,,A,,A,,A,,A,,A,,A,,A,,A
20183,03911372,4,0,1,,A,,A,200,D,,A,,A,,A,,A,,A,,A,,A,,A,,A
20183,03911412,3,0,1,175,D,25,D,,A,,A,,A,,A,,A,,A,,A,,A,,A,,A
20183,03911682,3,0,1,,A,,A,50,D,,A,,A,,A,,A,,A,,A,,A,,A,,A
20183,03912552,6,0,1,175,D,500,D,,A,,A,,A,,A,,A,,A,,A,,A,,A,,A
20183,03923152,11,0,1,,A,,A,5,D,,A,,A,,A,,A,,A,,A,,A,,A,,A
20183,03924382,8,0,1,,A,,A,510,D,,A,,A,,A,,A,,A,,A,,A,,A,,A
20183,03924532,6,0,1,,A,,A,250,D,,A,,A,,A,,A,,A,,A,,A,,A,,A
20183,03924542,2,0,1,160,D,35,D,,A,,A,,A,,A,,A,,A,,A,,A,,A,,A
20183,03924952,7,0,1,300,D,200,D,,A,,A,,A,,A,,A,,A,,A,,A,,A,,A
20183,03925072,3,0,1,200,D,90,D,,A,,A,,A,,A,,A,,A,,A,,A,,A,,A
20183,03925162,7,0,1,175,D,34,D,,A,,A,,A,,A,,A,,A,,A,,A,,A,,A
20183,03925274,7,0,1,,A,,A,120,D,,A,,A,,A,,A,,A,,A,,A,,A,,A
20183,03926972,18,0,1,,A,,A,50,D,,A,,A,,A,,A,,A,,A,,A,,A,,A
20183,03927882,7,0,1,,A,,A,300,D,,A,,A,,A,,A,,A,,A,,A,,A,,A
20183,03927922,11,0,1,175,D,40,D,,A,,A,,A,,A,,A,,A,,A,,A,,A,,A
20183,03929242,5,0,1,130,D,500,D,,A,,A,,A,,A,,A,,A,,A,,A,,A,,A
20183,03930472,7,0,1,175,D,500,D,,A,,A,,A,,A,,A,,A,,A,,A,,A,,A
20183,03930592,3,0,1,300,D,3,D,,A,,A,,A,,A,,A,,A,,A,,A,,A,,A
20183,03933502,18,0,1,,A,,A,900,D,,A,,A,,A,,A,,A,,A,,A,,A,,A
20183,03944671,2,0,1,130,D,25,D,,A,,A,,A,,A,,A,,A,,A,,A,,A,,A
20183,03944741,5,0,1,310,D,,H,,A,235,D,240,D,310,D,300,D,,A,,A,,A,,A,,A
20183,03944741,5,1,1,160,D,109,E,,A,,A,,A,,A,,A,,A,,A,,A,,A,,A
20183,03944741,5,2,1,175,D,28,E,,A,,A,,A,,A,,A,,A,,A,,A,,A,,A
20183,03944741,5,3,1,300,D,163,E,,A,,A,,A,,A,,A,,A,,A,,A,,A,,A
20183,03944891,3,0,1,300,D,20,D,,A,,A,,A,,A,,A,,A,,A,,A,,A,,A
20183,03945681,8,0,1,175,D,120,D,,A,,A,,A,,A,,A,,A,,A,,A,,A,,A
20183,03945861,9,0,1,175,D,1300,D,,A,,A,,A,,A,,A,,A,,A,,A,,A,,A
20183,03946061,13,0,1,310,D,,H,,A,310,D,235,D,,A,,A,,A,,A,,A,,A,,A
20183,03946061,13,1,1,160,D,126,E,,A,,A,,A,,A,,A,,A,,A,,A,,A,,A
20183,03946061,13,2,1,175,D,34,E,,A,,A,,A,,A,,A,,A,,A,,A,,A,,A
20183,03946061,13,3,1,280,D,99,E,,A,,A,,A,,A,,A,,A,,A,,A,,A,,A
20183,03946061,13,4,1,290,D,55,E,,A,,A,,A,,A,,A,,A,,A,,A,,A,,A
20183,03946061,13,5,1,300,D,61,E,,A,,A,,A,,A,,A,,A,,A,,A,,A,,A
20183,03946641,5,0,1,,A,,A,600,D,,A,,A,,A,,A,,A,,A,,A,,A,,A
20183,03947031,5,0,1,175,D,80,D,,A,,A,,A,,A,,A,,A,,A,,A,,A,,A
20183,03947151,3,0,1,130,D,19436,T,,A,,A,,A,,A,,A,,A,,A,,A,,A,,A
20183,03947351,4,0,1,280,D,750,D,,A,,A,,A,,A,,A,,A,,A,,A,,A,,A
20183,03947871,19,0,1,175,D,700,D,,A,,A,,A,,A,,A,,A,,A,,A,,A,,A
20183,03948881,6,0,1,210,D,400,D,,A,,A,,A,,A,,A,,A,,A,,A,,A,,A
20183,03949371,6,0,1,300,D,50,D,,A,,A,,A,,A,,A,,A,,A,,A,,A,,A
20183,03949571,1,0,1,300,D,1500,D,,A,,A,,A,,A,,A,,A,,A,,A,,A,,A
20183,03950641,4,0,1,,A,,A,20,D,,A,,A,,A,,A,,A,,A,,A,,A,,A
20183,03950811,24,0,1,210,D,100,D,,A,,A,,A,,A,,A,,A,,A,,A,,A,,A
20183,03951421,3,0,1,175,D,500,D,,A,,A,,A,,A,,A,,A,,A,,A,,A,,A
20183,03952551,7,0,1,150,D,250,D,,A,,A,,A,,A,,A,,A,,A,,A,,A,,A
20183,03952961,8,0,1,120,D,1000,D,,A,,A,,A,,A,,A,,A,,A,,A,,A,,A
20183,03953081,2,0,1,175,D,150,D,,A,,A,,A,,A,,A,,A,,A,,A,,A,,A
20183,03953234,5,0,1,310,D,,H,,A,175,D,300,D,,A,,A,,A,,A,,A,,A,,A
20183,03953234,5,1,1,175,D,708,E,,A,,A,,A,,A,,A,,A,,A,,A,,A,,A
20183,03953234,5,2,1,300,D,1592,E,,A,,A,,A,,A,,A,,A,,A,,A,,A,,A
20183,03953711,4,0,1,130,D,800,D,,A,,A,,A,,A,,A,,A,,A,,A,,A,,A
20183,03953731,12,0,1,235,D,543,D,,A,,A,,A,,A,,A,,A,,A,,A,,A,,A
20183,03964971,4,0,1,140,D,100,D,,A,,A,,A,,A,,A,,A,,A,,A,,A,,A
20183,03964991,6,0,1,150,D,3000,D,,A,,A,,A,,A,,A,,A,,A,,A,,A,,A
20183,03965251,2,0,1,175,D,48,D,,A,,A,,A,,A,,A,,A,,A,,A,,A,,A
20183,03965541,3,0,1,300,D,40,D,,A,,A,,A,,A,,A,,A,,A,,A,,A,,A
20183,03965651,18,0,1,190,D,50,D,60,D,,A,,A,,A,,A,,A,,A,,A,,A,,A
20183,03966131,3,0,1,140,D,10,D,,A,,A,,A,,A,,A,,A,,A,,A,,A,,A
20183,03966621,2,0,1,160,D,50,D,,A,,A,,A,,A,,A,,A,,A,,A,,A,,A
20183,03966771,4,0,1,,A,,A,400,D,,A,,A,,A,,A,,A,,A,,A,,A,,A
20183,03967101,12,0,1,210,D,90,D,,A,,A,,A,,A,,A,,A,,A,,A,,A,,A
20183,03968871,16,0,1,,A,,A,100,D,,A,,A,,A,,A,,A,,A,,A,,A,,A
20183,03969191,5,0,1,,A,,A,40,D,,A,,A,,A,,A,,A,,A,,A,,A,,A
20183,03969611,8,0,1,300,D,20,D,,A,,A,,A,,A,,A,,A,,A,,A,,A,,A
20183,03970541,2,0,1,175,D,90,D,,A,,A,,A,,A,,A,,A,,A,,A,,A,,A
20183,03971301,23,0,1,,A,,A,16,D,,A,,A,,A,,A,,A,,A,,A,,A,,A
20183,03971401,1,0,1,310,D,,H,,A,310,D,175,D,,A,,A,,A,,A,,A,,A,,A
20183,03971401,1,1,1,130,D,201,E,,A,,A,,A,,A,,A,,A,,A,,A,,A,,A
20183,03971401,1,2,1,175,D,24,E,,A,,A,,A,,A,,A,,A,,A,,A,,A,,A
20183,03971401,1,3,1,300,D,75,E,,A,,A,,A,,A,,A,,A,,A,,A,,A,,A
20183,03972401,8,0,1,280,D,1000,D,100,D,,A,,A,,A,,A,,A,,A,,A,,A,,A
20183,03972411,11,0,1,,A,,A,300,D,,A,,A,,A,,A,,A,,A,,A,,A,,A
20183,03972481,9,0,1,300,D,2500,D,,A,,A,,A,,A,,A,,A,,A,,A,,A,,A
20183,03972551,16,0,1,300,D,372,D,,A,,A,,A,,A,,A,,A,,A,,A,,A,,A
20183,03973261,13,0,1,160,D,70,D,,A,,A,,A,,A,,A,,A,,A,,A,,A,,A
20183,03973591,5,0,1,280,D,80,D,,A,,A,,A,,A,,A,,A,,A,,A,,A,,A
20183,03974251,4,0,1,,A,,A,1500,F,,A,,A,,A,,A,,A,,A,,A,,A,,A
20183,03975001,7,0,1,,A,,A,70,D,,A,,A,,A,,A,,A,,A,,A,,A,,A
20183,03975121,10,0,1,,A,,A,100,D,,A,,A,,A,,A,,A,,A,,A,,A,,A
20183,03986081,13,0,1,270,D,700,D,,A,,A,,A,,A,,A,,A,,A,,A,,A,,A
20183,03986091,9,0,1,200,D,20,D,,A,,A,,A,,A,,A,,A,,A,,A,,A,,A
20183,03986311,14,0,1,175,D,300,D,,A,,A,,A,,A,,A,,A,,A,,A,,A,,A
20183,03986721,4,0,1,130,D,400,D,,A,,A,,A,,A,,A,,A,,A,,A,,A,,A
20183,03986911,12,0,1,,A,,A,20,D,,A,,A,,A,,A,,A,,A,,A,,A,,A
20183,03987281,5,0,1,150,D,1700,D,,A,,A,,A,,A,,A,,A,,A,,A,,A,,A
20183,03987321,15,0,1,175,D,30,D,,A,,A,,A,,A,,A,,A,,A,,A,,A,,A
20183,03987621,8,0,1,235,D,150,D,,A,,A,,A,,A,,A,,A,,A,,A,,A,,A
20183,03989263,7,0,1,,A,,A,10,D,,A,,A,,A,,A,,A,,A,,A,,A,,A
20183,03990831,3,0,1,175,D,50,D,,A,,A,,A,,A,,A,,A,,A,,A,,A,,A
20183,03990911,3,0,1,175,D,40,D,,A,,A,,A,,A,,A,,A,,A,,A,,A,,A
20183,03991791,2,0,1,,A,,A,258,D,,A,,A,,A,,A,,A,,A,,A,,A,,A
20183,03992301,9,0,1,,A,,A,100,D,,A,,A,,A,,A,,A,,A,,A,,A,,A
20183,03992781,4,0,1,,A,,A,13,D,,A,,A,,A,,A,,A,,A,,A,,A,,A
20183,03992851,3,0,1,280,D,3000,D,,A,,A,,A,,A,,A,,A,,A,,A,,A,,A
20183,03993551,1,0,1,300,D,196,D,,A,,A,,A,,A,,A,,A,,A,,A,,A,,A
20183,03993581,11,0,1,130,D,1200,D,,A,,A,,A,,A,,A,,A,,A,,A,,A,,A
20183,03994711,3,0,1,175,D,25,D,,A,,A,,A,,A,,A,,A,,A,,A,,A,,A
20183,03996021,4,0,1,140,D,1000,D,,A,,A,,A,,A,,A,,A,,A,,A,,A,,A
20184,03819404,4,0,1,175,D,35,D,,A,,A,,A,,A,,A,,A,,A,,A,,A,,A
20184,03823054,2,0,1,300,D,250,D,,A,,A,,A,,A,,A,,A,,A,,A,,A,,A
20184,03823144,4,0,1,,A,,A,300,D,,A,,A,,A,,A,,A,,A,,A,,A,,A
20184,03823264,12,0,1,175,D,30,D,,A,,A,,A,,A,,A,,A,,A,,A,,A,,A
20184,03823824,1,0,1,300,D,170,D,,A,,A,,A,,A,,A,,A,,A,,A,,A,,A
20184,03824584,10,0,1,130,D,180,D,,A,,A,,A,,A,,A,,A,,A,,A,,A,,A
20184,03825344,10,0,1,190,D,10,D,,A,,A,,A,,A,,A,,A,,A,,A,,A,,A
20184,03825784,9,0,1,175,D,170,D,,A,,A,,A,,A,,A,,A,,A,,A,,A,,A
20184,03827174,6,0,1,235,D,80,D,,A,,A,,A,,A,,A,,A,,A,,A,,A,,A
20184,03828344,2,0,1,,A,,A,140,D,,A,,A,,A,,A,,A,,A,,A,,A,,A
20184,03840164,16,0,1,175,D,10,D,,A,,A,,A,,A,,A,,A,,A,,A,,A,,A
20184,03840574,8,0,1,300,D,60,D,,A,,A,,A,,A,,A,,A,,A,,A,,A,,A
20184,03841954,11,0,1,130,D,19436,T,,A,,A,,A,,A,,A,,A,,A,,A,,A,,A
20184,03842834,11,0,1,130,D,40,D,,A,,A,,A,,A,,A,,A,,A,,A,,A,,A
20184,03843134,5,0,1,235,D,5000,D,,A,,A,,A,,A,,A,,A,,A,,A,,A,,A
20184,03844184,8,0,1,130,D,15000,D,,A,,A,,A,,A,,A,,A,,A,,A,,A,,A
20184,03844384,7,0,1,210,D,280,D,,A,,A,,A,,A,,A,,A,,A,,A,,A,,A
20184,03846194,9,0,1,280,D,300,D,,A,,A,,A,,A,,A,,A,,A,,A,,A,,A
20184,03846594,26,0,1,130,D,428,D,,A,,A,,A,,A,,A,,A,,A,,A,,A,,A
20184,03847624,2,0,1,300,D,20,D,,A,,A,,A,,A,,A,,A,,A,,A,,A,,A
20184,03849784,2,0,1,,A,,A,500,D,,A,,A,,A,,A,,A,,A,,A,,A,,A
20184,03851744,7,0,1,,A,,A,700,D,,A,,A,,A,,A,,A,,A,,A,,A,,A
20184,03852654,8,0,1,,A,,A,100,D,,A,,A,,A,,A,,A,,A,,A,,A,,A
20184,03852754,10,0,1,140,D,96,D,121,D,,A,,A,,A,,A,,A,,A,,A,,A,,A
20184,03853884,4,0,1,260,D,4300,D,,A,,A,,A,,A,,A,,A,,A,,A,,A,,A
20184,03853994,5,0,1,,A,,A,30,D,,A,,A,,A,,A,,A,,A,,A,,A,,A
20184,03854504,6,0,1,300,D,300,D,,A,,A,,A,,A,,A,,A,,A,,A,,A,,A
20184,03855444,4,0,1,,A,,A,10,D,,A,,A,,A,,A,,A,,A,,A,,A,,A
20184,03856064,8,0,1,,A,,A,40,D,,A,,A,,A,,A,,A,,A,,A,,A,,A
20184,03857334,3,0,1,175,D,100,D,,A,,A,,A,,A,,A,,A,,A,,A,,A,,A
20184,03857494,9,0,1,120,D,150,D,,A,,A,,A,,A,,A,,A,,A,,A,,A,,A
20184,03858844,8,0,1,175,D,40,D,,A,,A,,A,,A,,A,,A,,A,,A,,A,,A
20184,03859434,6,0,1,175,D,30,D,,A,,A,,A,,A,,A,,A,,A,,A,,A,,A
20184,03860474,9,0,1,300,D,150,D,,A,,A,,A,,A,,A,,A,,A,,A,,A,,A
20184,03891633,2,0,1,300,D,175,D,,A,,A,,A,,A,,A,,A,,A,,A,,A,,A
20184,03891713,5,0,1,290,D,400,D,,A,,A,,A,,A,,A,,A,,A,,A,,A,,A
20184,03892243,3,0,1,,A,,A,137,D,,A,,A,,A,,A,,A,,A,,A,,A,,A
20184,03893593,5,0,1,270,D,155,D,,A,,A,,A,,A,,A,,A,,A,,A,,A,,A
20184,03894073,3,0,1,130,D,1500,D,,A,,A,,A,,A,,A,,A,,A,,A,,A,,A
20184,03895113,3,0,1,,A,,A,200,D,,A,,A,,A,,A,,A,,A,,A,,A,,A
20184,03895993,8,0,1,,A,,A,30,D,,A,,A,,A,,A,,A,,A,,A,,A,,A
20184,03896123,3,0,1,,A,,A,990,D,,A,,A,,A,,A,,A,,A,,A,,A,,A
20184,03896903,4,0,1,210,D,85,D,,A,,A,,A,,A,,A,,A,,A,,A,,A,,A
20184,03898323,10,0,1,300,D,45,D,,A,,A,,A,,A,,A,,A,,A,,A,,A,,A
20184,03898783,11,0,1,310,D,,H,60,D,310,D,300,D,,A,,A,,A,,A,,A,,A,,A
20184,03898783,11,1,1,175,D,24,E,,A,,A,,A,,A,,A,,A,,A,,A,,A,,A
20184,03898783,11,2,1,200,D,12,E,,A,,A,,A,,A,,A,,A,,A,,A,,A,,A
20184,03898783,11,3,1,300,D,24,E,,A,,A,,A,,A,,A,,A,,A,,A,,A,,A
20184,03899803,8,0,1,,A,,A,500,D,,A,,A,,A,,A,,A,,A,,A,,A,,A
20184,03900873,4,0,1,260,D,4400,D,,A,,A,,A,,A,,A,,A,,A,,A,,A,,A
20184,03901083,3,0,1,190,D,20,D,,A,,A,,A,,A,,A,,A,,A,,A,,A,,A
20184,03901823,9,0,1,120,D,20,D,,A,,A,,A,,A,,A,,A,,A,,A,,A,,A
20184,03905213,7,0,1,190,D,167,D,,A,,A,,A,,A,,A,,A,,A,,A,,A,,A
20184,03906153,9,0,1,140,D,120,D,,A,,A,,A,,A,,A,,A,,A,,A,,A,,A
20184,03906463,7,0,1,175,D,100,D,,A,,A,,A,,A,,A,,A,,A,,A,,A,,A
20184,03906483,11,0,1,,A,,A,60,D,,A,,A,,A,,A,,A,,A,,A,,A,,A
20184,03906633,3,0,1,140,D,87,D,,A,,A,,A,,A,,A,,A,,A,,A,,A,,A
20184,03907613,20,0,1,175,D,100,D,,A,,A,,A,,A,,A,,A,,A,,A,,A,,A
20184,03908173,8,0,1,300,D,300,D,,A,,A,,A,,A,,A,,A,,A,,A,,A,,A
20184,03909093,2,0,1,130,D,1000,D,1000,D,,A,,A,,A,,A,,A,,A,,A,,A,,A
20184,03909993,4,0,1,300,D,120,D,167,D,,A,,A,,A,,A,,A,,A,,A,,A,,A
20184,03910093,3,0,1,220,D,430,D,,A,,A,,A,,A,,A,,A,,A,,A,,A,,A
20184,03910843,4,0,1,,A,,A,300,D,,A,,A,,A,,A,,A,,A,,A,,A,,A
20184,03911073,4,0,1,130,D,900,D,,A,,A,,A,,A,,A,,A,,A,,A,,A,,A
20184,03911143,6,0,1,,A,,A,40,D,,A,,A,,A,,A,,A,,A,,A,,A,,A
20184,03912493,9,0,1,,A,,A,450,D,,A,,A,,A,,A,,A,,A,,A,,A,,A
20184,03912643,7,0,1,,A,,A,200,D,,A,,A,,A,,A,,A,,A,,A,,A,,A
20184,03924233,2,0,1,,A,,A,70,D,,A,,A,,A,,A,,A,,A,,A,,A,,A
20184,03924423,10,0,1,,A,,A,250,D,,A,,A,,A,,A,,A,,A,,A,,A,,A
20184,03924813,3,0,1,175,D,60,D,,A,,A,,A,,A,,A,,A,,A,,A,,A,,A
20184,03925223,3,0,1,300,D,700,D,,A,,A,,A,,A,,A,,A,,A,,A,,A,,A
20184,03926293,6,0,1,,A,,A,6,D,,A,,A,,A,,A,,A,,A,,A,,A,,A
20184,03926983,10,0,1,130,D,150,D,,A,,A,,A,,A,,A,,A,,A,,A,,A,,A
20184,03928073,8,0,1,300,D,300,D,,A,,A,,A,,A,,A,,A,,A,,A,,A,,A
20184,03929533,2,0,1,,A,,A,100,D,,A,,A,,A,,A,,A,,A,,A,,A,,A
20184,03930593,5,0,1,,A,,A,2,D,,A,,A,,A,,A,,A,,A,,A,,A,,A
20184,03932233,3,0,1,100,D,500,D,,A,,A,,A,,A,,A,,A,,A,,A,,A,,A
20184,03933473,8,0,1,300,D,1000,D,,A,,A,,A,,A,,A,,A,,A,,A,,A,,A
20184,03933503,33,0,1,130,D,4500,D,,A,,A,,A,,A,,A,,A,,A,,A,,A,,A
20184,03944742,2,0,1,,A,,A,20,D,,A,,A,,A,,A,,A,,A,,A,,A,,A
20184,03944942,4,0,1,300,D,95,D,,A,,A,,A,,A,,A,,A,,A,,A,,A,,A
20184,03945472,5,0,1,190,D,50,D,,A,,A,,A,,A,,A,,A,,A,,A,,A,,A
20184,03947032,4,0,1,175,D,45,D,,A,,A,,A,,A,,A,,A,,A,,A,,A,,A
20184,03947352,1,0,1,235,D,284,D,,A,,A,,A,,A,,A,,A,,A,,A,,A,,A
20184,03947482,7,0,1,175,D,200,D,,A,,A,,A,,A,,A,,A,,A,,A,,A,,A
20184,03947782,4,0,1,260,D,700,D,,A,,A,,A,,A,,A,,A,,A,,A,,A,,A
20184,03947902,4,0,1,175,D,50,D,,A,,A,,A,,A,,A,,A,,A,,A,,A,,A
20184,03948542,8,0,1,200,D,50,D,,A,,A,,A,,A,,A,,A,,A,,A,,A,,A
20184,03950402,4,0,1,140,D,27,D,,A,,A,,A,,A,,A,,A,,A,,A,,A,,A
20184,03951222,2,0,1,,A,,A,60,D,,A,,A,,A,,A,,A,,A,,A,,A,,A
20184,03951292,3,0,1,280,D,4500,D,,A,,A,,A,,A,,A,,A,,A,,A,,A,,A
20184,03953332,3,0,1,300,D,500,D,,A,,A,,A,,A,,A,,A,,A,,A,,A,,A
20184,03953652,4,0,1,300,D,2000,D,,A,,A,,A,,A,,A,,A,,A,,A,,A,,A
20184,03966222,8,0,1,,A,,A,50,D,,A,,A,,A,,A,,A,,A,,A,,A,,A
20184,03966612,5,0,1,300,D,150,D,,A,,A,,A,,A,,A,,A,,A,,A,,A,,A
20184,03967042,2,0,1,,A,,A,165,D,,A,,A,,A,,A,,A,,A,,A,,A,,A
20184,03967073,14,0,1,175,D,150,D,,A,,A,,A,,A,,A,,A,,A,,A,,A,,A
20184,03968192,4,0,1,110,D,476,D,,A,,A,,A,,A,,A,,A,,A,,A,,A,,A
20184,03968492,3,0,1,300,D,110,D,,A,,A,,A,,A,,A,,A,,A,,A,,A,,A
20184,03968602,2,0,1,130,D,700,D,,A,,A,,A,,A,,A,,A,,A,,A,,A,,A
20184,03968762,8,0,1,300,D,50,D,,A,,A,,A,,A,,A,,A,,A,,A,,A,,A
20184,03970212,9,0,1,175,D,700,D,,A,,A,,A,,A,,A,,A,,A,,A,,A,,A
20184,03970312,8,0,1,210,D,400,D,,A,,A,,A,,A,,A,,A,,A,,A,,A,,A
20184,03970402,3,0,1,310,D,,H,,A,310,D,300,D,,A,,A,,A,,A,,A,,A,,A
20184,03970402,3,1,1,175,D,100,E,,A,,A,,A,,A,,A,,A,,A,,A,,A,,A
20184,03970402,3,2,1,300,D,100,E,,A,,A,,A,,A,,A,,A,,A,,A,,A,,A
20184,03971232,4,0,1,175,D,49,D,,A,,A,,A,,A,,A,,A,,A,,A,,A,,A
20184,03972412,10,0,1,,A,,A,349,D,,A,,A,,A,,A,,A,,A,,A,,A,,A
20184,03974102,11,0,1,110,D,200,D,,A,,A,,A,,A,,A,,A,,A,,A,,A,,A
20184,03974402,3,0,1,,A,,A,50,D,,A,,A,,A,,A,,A,,A,,A,,A,,A
20184,03985512,8,0,1,300,D,153,D,,A,,A,,A,,A,,A,,A,,A,,A,,A,,A
20184,03985672,11,0,1,260,D,900,D,,A,,A,,A,,A,,A,,A,,A,,A,,A,,A
20184,03990402,4,0,1,175,D,117,D,,A,,A,,A,,A,,A,,A,,A,,A,,A,,A
20184,03991172,4,0,1,120,D,50,D,,A,,A,,A,,A,,A,,A,,A,,A,,A,,A
20184,03991762,15,0,1,300,D,100,D,,A,,A,,A,,A,,A,,A,,A,,A,,A,,A
20184,03992342,13,0,1,300,D,2638,D,,A,,A,,A,,A,,A,,A,,A,,A,,A,,A
20184,03993602,7,0,1,235,D,250,D,250,D,,A,,A,,A,,A,,A,,A,,A,,A,,A
20184,04006771,16,0,1,280,D,9500,D,,A,,A,,A,,A,,A,,A,,A,,A,,A,,A
20184,04007131,5,0,1,,A,,A,105,D,,A,,A,,A,,A,,A,,A,,A,,A,,A
20184,04007161,7,0,1,140,D,50,D,,A,,A,,A,,A,,A,,A,,A,,A,,A,,A
20184,04007291,9,0,1,310,D,,H,,A,310,D,175,D,,A,,A,,A,,A,,A,,A,,A
20184,04007291,9,1,1,175,D,10,E,,A,,A,,A,,A,,A,,A,,A,,A,,A,,A
20184,04007291,9,2,1,290,D,40,E,,A,,A,,A,,A,,A,,A,,A,,A,,A,,A
20184,04007771,11,0,1,130,D,30,D,,A,,A,,A,,A,,A,,A,,A,,A,,A,,A
20184,04008801,7,0,1,300,D,300,D,,A,,A,,A,,A,,A,,A,,A,,A,,A,,A
20184,04011961,3,0,1,,A,,A,15,D,,A,,A,,A,,A,,A,,A,,A,,A,,A
20184,04012421,13,0,1,140,D,800,D,1000,D,,A,,A,,A,,A,,A,,A,,A,,A,,A
20184,04013551,4,0,1,140,D,3200,D,,A,,A,,A,,A,,A,,A,,A,,A,,A,,A
20184,04014161,6,0,1,300,D,40,D,,A,,A,,A,,A,,A,,A,,A,,A,,A,,A
20184,04014234,8,0,1,,A,,A,3000,D,,A,,A,,A,,A,,A,,A,,A,,A,,A
20184,04014321,4,0,1,,A,,A,40,D,,A,,A,,A,,A,,A,,A,,A,,A,,A
20184,04014541,4,0,1,140,D,100,D,,A,,A,,A,,A,,A,,A,,A,,A,,A,,A
20184,04015691,10,0,1,300,D,150,D,,A,,A,,A,,A,,A,,A,,A,,A,,A,,A
20184,04017341,8,0,1,290,D,50,D,,A,,A,,A,,A,,A,,A,,A,,A,,A,,A
20184,04028311,10,0,1,130,D,19436,T,,A,,A,,A,,A,,A,,A,,A,,A,,A,,A
20184,04028481,6,0,1,300,D,500,D,,A,,A,,A,,A,,A,,A,,A,,A,,A,,A
20184,04028571,7,0,1,310,D,,H,,A,200,D,175,D,,A,,A,,A,,A,,A,,A,,A
20184,04028571,7,1,1,200,D,46,E,,A,,A,,A,,A,,A,,A,,A,,A,,A,,A
20184,04028571,7,2,1,175,D,154,E,,A,,A,,A,,A,,A,,A,,A,,A,,A,,A
20184,04029031,1,0,1,,A,,A,400,D,,A,,A,,A,,A,,A,,A,,A,,A,,A
20184,04029681,14,0,1,300,D,2500,D,,A,,A,,A,,A,,A,,A,,A,,A,,A,,A
20184,04030691,4,0,1,130,D,500,D,,A,,A,,A,,A,,A,,A,,A,,A,,A,,A
20184,04031811,9,0,1,,A,,A,100,D,,A,,A,,A,,A,,A,,A,,A,,A,,A
20184,04032581,6,0,1,,A,,A,100,D,,A,,A,,A,,A,,A,,A,,A,,A,,A
20184,04033804,15,0,1,,A,,A,15,D,,A,,A,,A,,A,,A,,A,,A,,A,,A
20184,04033874,8,0,1,200,D,100,D,,A,,A,,A,,A,,A,,A,,A,,A,,A,,A
20184,04034221,3,0,1,,A,,A,97,D,,A,,A,,A,,A,,A,,A,,A,,A,,A
20184,04034551,3,0,1,130,D,600,D,,A,,A,,A,,A,,A,,A,,A,,A,,A,,A
20184,04036461,6,0,1,175,D,30,D,,A,,A,,A,,A,,A,,A,,A,,A,,A,,A
20184,04038013,7,0,1,,A,,A,229,D,,A,,A,,A,,A,,A,,A,,A,,A,,A
20184,04038251,8,0,1,310,D,,H,30,D,140,D,235,D,,A,,A,,A,,A,,A,,A,,A
20184,04038251,8,1,1,140,D,60,E,,A,,A,,A,,A,,A,,A,,A,,A,,A,,A
20184,04038631,11,0,1,300,D,1000,D,,A,,A,,A,,A,,A,,A,,A,,A,,A,,A
20184,04039041,6,0,1,,A,,A,200,D,,A,,A,,A,,A,,A,,A,,A,,A,,A
20184,04041481,4,0,1,,A,,A,120,D,,A,,A,,A,,A,,A,,A,,A,,A,,A
20184,04041801,8,0,1,200,D,18,D,,A,,A,,A,,A,,A,,A,,A,,A,,A,,A
20184,04042261,2,0,1,300,D,125,D,,A,,A,,A,,A,,A,,A,,A,,A,,A,,A
20184,04042551,22,0,1,300,D,355,D,,A,,A,,A,,A,,A,,A,,A,,A,,A,,A
20184,04042621,13,0,1,,A,,A,150,D,,A,,A,,A,,A,,A,,A,,A,,A,,A
20184,04043181,4,0,1,,A,,A,85,D,,A,,A,,A,,A,,A,,A,,A,,A,,A
20184,04044701,4,0,1,,A,,A,215,D,,A,,A,,A,,A,,A,,A,,A,,A,,A
20184,04045301,3,0,1,,A,,A,30,D,,A,,A,,A,,A,,A,,A,,A,,A,,A
20184,04045571,2,0,1,,A,,A,9,D,,A,,A,,A,,A,,A,,A,,A,,A,,A
20184,04045943,1,0,1,300,D,1800,D,,A,,A,,A,,A,,A,,A,,A,,A,,A,,A
20184,04046571,6,0,1,300,D,20,D,,A,,A,,A,,A,,A,,A,,A,,A,,A,,A
20184,04047361,3,0,1,130,D,2000,D,,A,,A,,A,,A,,A,,A,,A,,A,,A,,A
20184,04047441,15,0,1,130,D,1600,D,60,D,,A,,A,,A,,A,,A,,A,,A,,A,,A
20191,03892244,8,0,1,,A,,A,20,D,,A,,A,,A,,A,,A,,A,,A,,A,,A
20191,03893594,2,0,1,270,D,155,D,,A,,A,,A,,A,,A,,A,,A,,A,,A,,A
20191,03894734,20,0,1,280,D,150,D,,A,,A,,A,,A,,A,,A,,A,,A,,A,,A
20191,03895734,10,0,1,130,D,125,D,,A,,A,,A,,A,,A,,A,,A,,A,,A,,A
20191,03896124,6,0,1,,A,,A,150,D,,A,,A,,A,,A,,A,,A,,A,,A,,A
20191,03898984,9,0,1,,A,,A,40,D,,A,,A,,A,,A,,A,,A,,A,,A,,A
20191,03899824,8,0,1,175,D,100,D,,A,,A,,A,,A,,A,,A,,A,,A,,A,,A
20191,03900444,9,0,1,130,D,1000,D,,A,,A,,A,,A,,A,,A,,A,,A,,A,,A
20191,03901084,2,0,1,300,D,75,D,,A,,A,,A,,A,,A,,A,,A,,A,,A,,A
20191,03901934,5,0,1,300,D,175,D,20,D,,A,,A,,A,,A,,A,,A,,A,,A,,A
20191,03902544,5,0,1,130,D,50,D,,A,,A,,A,,A,,A,,A,,A,,A,,A,,A
20191,03902814,6,0,1,130,D,13000,D,,A,,A,,A,,A,,A,,A,,A,,A,,A,,A
20191,03905154,6,0,1,175,D,140,D,,A,,A,,A,,A,,A,,A,,A,,A,,A,,A
20191,03905214,18,0,1,130,D,80,D,,A,,A,,A,,A,,A,,A,,A,,A,,A,,A
20191,03905254,15,0,1,300,D,698,D,,A,,A,,A,,A,,A,,A,,A,,A,,A,,A
20191,03906624,12,0,1,,A,,A,28,D,,A,,A,,A,,A,,A,,A,,A,,A,,A
20191,03911754,27,0,1,130,D,250,D,,A,,A,,A,,A,,A,,A,,A,,A,,A,,A
20191,03912644,10,0,1,300,D,60,D,,A,,A,,A,,A,,A,,A,,A,,A,,A,,A
20191,03922894,25,0,1,190,D,21,D,,A,,A,,A,,A,,A,,A,,A,,A,,A,,A
20191,03923534,14,0,1,175,D,30,D,,A,,A,,A,,A,,A,,A,,A,,A,,A,,A
20191,03924264,6,0,1,,A,,A,277,D,,A,,A,,A,,A,,A,,A,,A,,A,,A
20191,03925074,1,0,1,200,D,112,D,,A,,A,,A,,A,,A,,A,,A,,A,,A,,A
20191,03925954,13,0,1,210,D,75,D,47,D,,A,,A,,A,,A,,A,,A,,A,,A,,A
20191,03926534,8,0,1,130,D,2000,D,,A,,A,,A,,A,,A,,A,,A,,A,,A,,A
20191,03926984,6,0,1,235,D,150,D,,A,,A,,A,,A,,A,,A,,A,,A,,A,,A
20191,03927154,7,0,1,175,D,68,D,,A,,A,,A,,A,,A,,A,,A,,A,,A,,A
20191,03928074,2,0,1,300,D,100,D,100,D,,A,,A,,A,,A,,A,,A,,A,,A,,A
20191,03930364,6,0,1,260,D,400,D,,A,,A,,A,,A,,A,,A,,A,,A,,A,,A
20191,03932294,4,0,1,,A,,A,30,D,,A,,A,,A,,A,,A,,A,,A,,A,,A
20191,03932684,12,0,1,130,D,40,D,,A,,A,,A,,A,,A,,A,,A,,A,,A,,A
20191,03944143,24,0,1,235,D,75,D,,A,,A,,A,,A,,A,,A,,A,,A,,A,,A
20191,03946873,4,0,1,260,D,250,D,,A,,A,,A,,A,,A,,A,,A,,A,,A,,A
20191,03947033,3,0,1,175,D,35,D,,A,,A,,A,,A,,A,,A,,A,,A,,A,,A
20191,03947283,9,0,1,,A,,A,100,D,,A,,A,,A,,A,,A,,A,,A,,A,,A
20191,03947873,4,0,1,210,D,55,D,,A,,A,,A,,A,,A,,A,,A,,A,,A,,A
20191,03948113,14,0,1,200,D,115,D,,A,,A,,A,,A,,A,,A,,A,,A,,A,,A
20191,03949073,11,0,1,200,D,148,D,,A,,A,,A,,A,,A,,A,,A,,A,,A,,A
20191,03949843,21,0,1,,A,,A,50,D,,A,,A,,A,,A,,A,,A,,A,,A,,A
20191,03950793,6,0,1,,A,,A,250,D,,A,,A,,A,,A,,A,,A,,A,,A,,A
20191,03952513,4,0,1,200,D,100,D,,A,,A,,A,,A,,A,,A,,A,,A,,A,,A
20191,03953333,7,0,1,300,D,450,D,,A,,A,,A,,A,,A,,A,,A,,A,,A,,A
20191,03965163,13,0,1,300,D,100,D,,A,,A,,A,,A,,A,,A,,A,,A,,A,,A
20191,03965363,14,0,1,,A,,A,75,D,,A,,A,,A,,A,,A,,A,,A,,A,,A
20191,03965593,10,0,1,300,D,888,D,,A,,A,,A,,A,,A,,A,,A,,A,,A,,A
20191,03967103,17,0,1,130,D,300,D,,A,,A,,A,,A,,A,,A,,A,,A,,A,,A
20191,03967363,7,0,1,120,D,50,D,,A,,A,,A,,A,,A,,A,,A,,A,,A,,A
20191,03970123,2,0,1,130,D,1800,F,,A,,A,,A,,A,,A,,A,,A,,A,,A,,A
20191,03971993,8,0,1,220,D,100,D,,A,,A,,A,,A,,A,,A,,A,,A,,A,,A
20191,03972313,28,0,1,130,D,400,D,,A,,A,,A,,A,,A,,A,,A,,A,,A,,A
20191,03972413,8,0,1,300,D,65,D,,A,,A,,A,,A,,A,,A,,A,,A,,A,,A
20191,03975183,3,0,1,,A,,A,400,D,,A,,A,,A,,A,,A,,A,,A,,A,,A
20191,03987833,3,0,1,240,D,20,D,150,F,,A,,A,,A,,A,,A,,A,,A,,A,,A
20191,03988813,3,0,1,300,D,75,D,120,D,,A,,A,,A,,A,,A,,A,,A,,A,,A
20191,03989093,8,0,1,300,D,45,D,,A,,A,,A,,A,,A,,A,,A,,A,,A,,A
20191,03990943,7,0,1,300,D,665,D,,A,,A,,A,,A,,A,,A,,A,,A,,A,,A
20191,03991063,20,0,1,,A,,A,13,D,,A,,A,,A,,A,,A,,A,,A,,A,,A
20191,03995473,27,0,1,,A,,A,25,D,,A,,A,,A,,A,,A,,A,,A,,A,,A
20191,04006912,7,0,1,200,D,7,F,,A,,A,,A,,A,,A,,A,,A,,A,,A,,A
20191,04008922,18,0,1,210,D,50,D,80,D,,A,,A,,A,,A,,A,,A,,A,,A,,A
20191,04009802,8,0,1,235,D,1201,D,,A,,A,,A,,A,,A,,A,,A,,A,,A,,A
20191,04011962,12,0,1,,A,,A,50,D,,A,,A,,A,,A,,A,,A,,A,,A,,A
20191,04013822,18,0,1,300,D,279,D,,A,,A,,A,,A,,A,,A,,A,,A,,A,,A
20191,04014292,4,0,1,300,D,500,D,,A,,A,,A,,A,,A,,A,,A,,A,,A,,A
20191,04027822,7,0,1,140,D,35,D,,A,,A,,A,,A,,A,,A,,A,,A,,A,,A
20191,04029172,7,0,1,175,D,46,D,,A,,A,,A,,A,,A,,A,,A,,A,,A,,A
20191,04030502,11,0,1,235,D,20,D,,A,,A,,A,,A,,A,,A,,A,,A,,A,,A
20191,04034722,4,0,1,175,D,18,D,,A,,A,,A,,A,,A,,A,,A,,A,,A,,A
20191,04035272,12,0,1,,A,,A,300,D,,A,,A,,A,,A,,A,,A,,A,,A,,A
20191,04037382,6,0,1,175,D,160,D,,A,,A,,A,,A,,A,,A,,A,,A,,A,,A
20191,04037892,6,0,1,300,D,100,D,,A,,A,,A,,A,,A,,A,,A,,A,,A,,A
20191,04038052,54,0,1,,A,,A,9,D,,A,,A,,A,,A,,A,,A,,A,,A,,A
20191,04038252,25,0,1,,A,,A,25,D,,A,,A,,A,,A,,A,,A,,A,,A,,A
20191,04039152,5,0,1,,A,,A,200,D,,A,,A,,A,,A,,A,,A,,A,,A,,A
20191,04039622,4,0,1,235,D,200,D,,A,,A,,A,,A,,A,,A,,A,,A,,A,,A
20191,04041212,12,0,1,300,D,150,D,,A,,A,,A,,A,,A,,A,,A,,A,,A,,A
20191,04041522,3,0,1,,A,,A,1798,D,,A,,A,,A,,A,,A,,A,,A,,A,,A
20191,04041992,6,0,1,300,D,119,D,,A,,A,,A,,A,,A,,A,,A,,A,,A,,A
20191,04044702,5,0,1,,A,,A,1350,D,,A,,A,,A,,A,,A,,A,,A,,A,,A
20191,04045552,12,0,1,200,D,30,D,,A,,A,,A,,A,,A,,A,,A,,A,,A,,A
20191,04045663,10,0,1,120,D,1400,D,,A,,A,,A,,A,,A,,A,,A,,A,,A,,A
20191,04070291,9,2,1,300,D,103,E,,A,,A,,A,,A,,A,,A,,A,,A,,A,,A
20191,04070291,9,1,1,175,D,37,E,,A,,A,,A,,A,,A,,A,,A,,A,,A,,A
20191,04070291,9,0,1,310,D,,H,250,D,310,D,175,D,,A,,A,,A,,A,,A,,A,,A
20191,04070411,4,0,1,235,D,258,D,,A,,A,,A,,A,,A,,A,,A,,A,,A,,A
20191,04071151,4,0,1,300,D,1000,D,,A,,A,,A,,A,,A,,A,,A,,A,,A,,A
20191,04071191,1,0,1,200,D,350,D,,A,,A,,A,,A,,A,,A,,A,,A,,A,,A
20191,04071351,7,0,1,,A,,A,599,D,,A,,A,,A,,A,,A,,A,,A,,A,,A
20191,04071381,12,2,1,300,D,15,E,,A,,A,,A,,A,,A,,A,,A,,A,,A,,A
20191,04071381,12,1,1,175,D,30,E,,A,,A,,A,,A,,A,,A,,A,,A,,A,,A
20191,04071381,12,0,1,310,D,,H,,A,310,D,175,D,,A,,A,,A,,A,,A,,A,,A
20191,04072244,6,0,1,300,D,150,F,,A,,A,,A,,A,,A,,A,,A,,A,,A,,A
20191,04073451,5,0,1,,A,,A,30,D,,A,,A,,A,,A,,A,,A,,A,,A,,A
20191,04074761,11,0,1,235,D,108,D,,A,,A,,A,,A,,A,,A,,A,,A,,A,,A
20191,04074801,7,0,1,130,D,200,D,5300,D,,A,,A,,A,,A,,A,,A,,A,,A,,A
20191,04076661,4,0,1,160,D,45,D,,A,,A,,A,,A,,A,,A,,A,,A,,A,,A
20191,04077111,8,0,1,200,D,85,D,,A,,A,,A,,A,,A,,A,,A,,A,,A,,A
20191,04077141,15,0,1,,A,,A,150,D,,A,,A,,A,,A,,A,,A,,A,,A,,A
20191,04077571,17,0,1,160,D,180,D,150,D,,A,,A,,A,,A,,A,,A,,A,,A,,A
20191,04078851,3,0,1,110,D,800,D,,A,,A,,A,,A,,A,,A,,A,,A,,A,,A
20191,04079931,20,0,1,175,D,300,D,,A,,A,,A,,A,,A,,A,,A,,A,,A,,A
20191,04080041,5,0,1,300,D,59,D,,A,,A,,A,,A,,A,,A,,A,,A,,A,,A
20191,04090591,16,0,1,235,D,50,D,,A,,A,,A,,A,,A,,A,,A,,A,,A,,A
20191,04090601,3,0,1,,A,,A,20,D,,A,,A,,A,,A,,A,,A,,A,,A,,A
20191,04090951,5,0,1,130,D,537,D,,A,,A,,A,,A,,A,,A,,A,,A,,A,,A
20191,04091281,7,0,1,175,D,150,D,,A,,A,,A,,A,,A,,A,,A,,A,,A,,A
20191,04091831,10,0,1,130,D,300,D,,A,,A,,A,,A,,A,,A,,A,,A,,A,,A
20191,04092421,6,0,1,300,D,800,D,,A,,A,,A,,A,,A,,A,,A,,A,,A,,A
20191,04093121,4,0,1,300,D,1500,D,,A,,A,,A,,A,,A,,A,,A,,A,,A,,A
20191,04093771,5,0,1,200,D,7,D,,A,,A,,A,,A,,A,,A,,A,,A,,A,,A
20191,04095951,12,0,1,200,D,10,D,,A,,A,,A,,A,,A,,A,,A,,A,,A,,A
20191,04096001,11,0,1,300,D,350,D,,A,,A,,A,,A,,A,,A,,A,,A,,A,,A
20191,04096071,6,0,1,300,D,200,D,,A,,A,,A,,A,,A,,A,,A,,A,,A,,A
20191,04097601,8,0,1,300,D,100,D,,A,,A,,A,,A,,A,,A,,A,,A,,A,,A
20191,04097741,2,0,1,120,D,150,D,,A,,A,,A,,A,,A,,A,,A,,A,,A,,A
20191,04098561,3,0,1,260,D,3500,D,,A,,A,,A,,A,,A,,A,,A,,A,,A,,A
20191,04098771,8,0,1,,A,,A,15000,D,,A,,A,,A,,A,,A,,A,,A,,A,,A
20191,04099681,5,0,1,175,D,80,D,,A,,A,,A,,A,,A,,A,,A,,A,,A,,A
20191,04099831,9,0,1,130,D,75,D,,A,,A,,A,,A,,A,,A,,A,,A,,A,,A
20191,04101111,3,0,1,120,D,10,D,,A,,A,,A,,A,,A,,A,,A,,A,,A,,A
20191,04101221,3,0,1,235,D,3000,D,,A,,A,,A,,A,,A,,A,,A,,A,,A,,A
20191,04101341,3,0,1,175,D,30,D,,A,,A,,A,,A,,A,,A,,A,,A,,A,,A
20191,04101401,5,0,1,,A,,A,200,D,,A,,A,,A,,A,,A,,A,,A,,A,,A
20191,04101891,9,0,1,130,D,140,D,,A,,A,,A,,A,,A,,A,,A,,A,,A,,A
20191,04102201,2,0,1,130,D,1800,D,,A,,A,,A,,A,,A,,A,,A,,A,,A,,A
20191,04103091,21,0,1,200,D,160,D,,A,,A,,A,,A,,A,,A,,A,,A,,A,,A
20191,04103751,12,0,1,,A,,A,2000,D,,A,,A,,A,,A,,A,,A,,A,,A,,A
20191,04104231,7,0,1,300,D,770,D,,A,,A,,A,,A,,A,,A,,A,,A,,A,,A
20191,04104701,11,1,1,200,D,70,E,,A,,A,,A,,A,,A,,A,,A,,A,,A,,A
20191,04104701,11,0,1,310,D,,H,,A,190,D,200,D,,A,,A,,A,,A,,A,,A,,A
20191,04104951,11,0,1,140,D,300,D,,A,,A,,A,,A,,A,,A,,A,,A,,A,,A
20191,04105471,15,0,1,300,D,5000,D,,A,,A,,A,,A,,A,,A,,A,,A,,A,,A
20191,04105711,18,0,1,,A,,A,120,D,,A,,A,,A,,A,,A,,A,,A,,A,,A
20191,04106021,7,0,1,300,D,150,D,,A,,A,,A,,A,,A,,A,,A,,A,,A,,A
20191,04106331,10,0,1,130,D,8067,D,729,D,,A,,A,,A,,A,,A,,A,,A,,A,,A
20191,04106421,3,0,1,130,D,300,D,,A,,A,,A,,A,,A,,A,,A,,A,,A,,A
20191,04107291,4,0,1,,A,,A,300,D,,A,,A,,A,,A,,A,,A,,A,,A,,A
20191,04107371,10,0,1,,A,,A,1000,D,,A,,A,,A,,A,,A,,A,,A,,A,,A
20191,04107501,2,0,1,200,D,350,D,,A,,A,,A,,A,,A,,A,,A,,A,,A,,A
20191,04107661,5,0,1,175,D,125,D,,A,,A,,A,,A,,A,,A,,A,,A,,A,,A
20191,04108571,5,0,1,,A,,A,20,D,,A,,A,,A,,A,,A,,A,,A,,A,,A
20191,04108771,8,0,1,130,D,7000,D,,A,,A,,A,,A,,A,,A,,A,,A,,A,,A
20191,04109381,11,0,1,,A,,A,200,D,,A,,A,,A,,A,,A,,A,,A,,A,,A
20191,04110071,10,0,1,,A,,A,300,D,,A,,A,,A,,A,,A,,A,,A,,A,,A
