QYEAR,NEWID,SEQNO,ALCNO,REC_ORIG,PROP_NOG,PROP0NOG,OWNYG,OWNYG_,NEWMRTG,NEWMRTG_,ORGMRTG,ORGMRTG_,QMRTTRMG,QMRT_RMG,MRTPMTG,MRTPMTG_,PAYPRTXG,PAYP_TXG,PAYPRING,PAYP_ING,PAYMRING,PAYM_ING,PAYOTHRG,PAYO_HRG,QESCROWG,QESC_OWG,QPRINM1G,QPRI_M1G,QPRINM2G,QPRI_M2G,QPRINM3G,QPRI_M3G,QADINT1G,QADI_T1G,QADINT2G,QADI_T2G,QADINT3G,QADI_T3G,QRFINDTG,QRFI_DTG,FRSTPYMG,FRST_YMG,FRSTPYRG,FRST_YRG,FIXDRTEG,FIXD_TEG,QNEWDATG,QNEW_ATG,QBLNCM1G,QBLN_M1G,QBLNCM2G,QBLN_M2G,QBLNCM3G,QBLN_M3G,LOAN_NOG,LOAN0NOG,VARRTEG,VARRTEG_,INTONLYG,INTO_LYG,OTHRTEG,OTHRTEG_,PAYMT1G,PAYMT1G_,PAYMT2G,PAYMT2G_,PAYMT3G,PAYMT3G_,PAYPRNPG,PAYP_NPG,PAYINTG,PAYINTG_
20181,03641874,87,0,5,01,D,100,D,.0859,D,27638,D,10,D,344,D,,A,,A,,A,,A,0,D,231,D,232,D,234,D,113,D,112,D,110,D,,A,06,D,2012,D,1,D,,A,15825,D,15595,D,15362,D,01,D,,A,,A,,A,,A,,A,,A,1,D,2,D
20181,03643624,13,0,5,01,D,100,D,.0400,D,45000,D,15,D,900,D,3,D,4,D,5,D,,A,567,D,,A,,A,191,D,,A,,A,142,D,,A,11,D,2016,D,1,D,122017,D,,A,,A,42573,D,01,D,,A,,A,,A,,A,,A,,A,1,D,2,D
20181,03643624,30,0,5,01,D,100,D,.0400,D,45000,D,15,D,867,D,3,D,4,D,5,D,,A,534,D,190,D,190,D,,A,143,D,143,D,,A,122017,D,11,D,2016,D,1,D,,A,42953,D,42763,D,,A,01,D,,A,,A,,A,,A,,A,,A,1,D,2,D
20181,03644534,18,0,5,01,D,100,D,.0400,F,25000,F,15,F,200,F,,B,,B,,B,,B,15,F,119,F,120,F,120,F,66,F,65,F,65,F,,A,10,F,2013,F,1,F,,A,19717,F,19598,F,19478,F,01,D,,A,,A,,A,,A,,A,,A,,C,,A
20181,03644654,40,0,5,01,D,100,D,.0400,D,50000,D,12,D,529,D,,B,,B,,B,,B,91,D,284,D,285,D,286,D,154,D,153,D,152,D,,A,08,D,2016,D,1,D,,A,46118,D,45834,D,45548,D,01,D,,A,,A,,A,,A,,A,,A,1,D,2,D
20181,03647974,30,0,5,01,D,100,D,.0859,D,30128,D,10,D,375,D,,A,,A,,A,,A,0,D,309,D,312,D,314,D,66,D,63,D,61,D,,A,01,D,2010,D,1,D,,A,9176,D,8867,D,8555,D,01,D,,A,,A,,A,,A,,A,,A,1,D,2,D
20181,03648534,22,0,5,01,D,100,D,.0859,D,55253,D,5,D,1136,D,3,D,4,D,,A,,A,0,D,978,D,985,D,992,D,158,D,151,D,144,D,,A,07,D,2014,D,1,D,,A,22076,D,21098,D,20113,D,01,D,,A,,A,,A,,A,,A,,A,1,D,2,D
20181,03649704,19,0,5,01,D,100,D,.0859,F,35000,F,15,F,347,F,,A,,A,,A,,A,0,F,84,F,85,F,85,F,181,F,180,F,180,F,,A,03,F,2016,F,2,F,,A,33054,F,32944,F,32834,F,01,D,,A,,A,,A,265,F,265,F,265,F,1,D,2,D
20181,03657334,19,0,5,01,D,100,D,.0859,D,97675,D,15,D,967,D,,A,,A,,A,,A,0,D,391,D,394,D,396,D,576,D,573,D,571,D,,A,06,D,2013,D,1,D,,A,80487,D,80096,D,79702,D,01,D,,A,,A,,A,,A,,A,,A,1,D,2,D
20181,03657334,20,0,5,01,D,100,D,.0859,D,38652,D,12,D,431,D,,A,,A,,A,,A,0,D,162,D,163,D,165,D,269,D,268,D,266,D,,A,04,D,2017,D,1,D,,A,37548,D,37386,D,37223,D,02,D,,A,,A,,A,,A,,A,,A,1,D,2,D
20181,03658184,14,0,5,01,D,100,D,.0859,F,10101,F,15,F,100,F,,A,,A,,A,,A,0,F,0,F,0,F,0,F,75,F,75,F,75,F,,A,08,F,2006,F,1,F,,A,10101,F,10101,F,10101,F,01,D,,C,,C,,C,,A,,A,,A,,A,2,D
20181,03659684,44,0,5,01,D,100,D,.0500,D,84195,D,7,D,1190,D,,A,,A,,A,,A,0,D,931,D,935,D,939,D,259,D,255,D,251,D,,A,10,D,2015,D,1,D,,A,62132,D,61201,D,60266,D,01,D,,A,,A,,A,,A,,A,,A,1,D,2,D
20181,03660954,24,0,5,01,D,100,D,.0800,D,64982,D,15,D,621,D,,A,,A,,A,,A,0,D,443,D,445,D,448,D,178,D,176,D,173,D,,A,03,D,2007,D,1,D,,A,26774,D,26332,D,25886,D,01,D,,A,,A,,A,,A,,A,,A,1,D,2,D
20181,03662244,25,0,5,01,D,100,D,.0700,D,18802,D,15,D,169,D,,A,,A,,A,,A,0,D,61,D,62,D,62,D,108,D,107,D,107,D,,A,06,D,2017,D,1,D,,A,18441,D,18379,D,18318,D,01,D,,A,,A,,A,,A,,A,,A,1,D,2,D
20181,03662324,21,0,5,01,D,100,D,.0859,D,10555,D,5,D,217,D,,A,,A,,A,,A,0,D,175,D,176,D,178,D,42,D,41,D,39,D,,A,06,D,2015,D,1,D,,A,5840,D,5665,D,5489,D,01,D,,A,,A,,A,,A,,A,,A,1,D,2,D
20181,03662674,27,0,5,01,D,100,D,.0450,D,50000,D,12,D,450,D,,A,,A,,A,,A,0,D,380,D,382,D,383,D,70,D,68,D,67,D,,A,09,D,2009,D,1,D,,A,18602,D,18222,D,17840,D,01,D,,A,,A,,A,,A,,A,,A,1,D,2,D
20181,03663284,27,0,5,01,D,100,D,.0530,D,88806,D,10,D,955,D,,A,,A,,A,,A,0,D,,A,563,D,565,D,,A,392,D,390,D,,A,01,D,2018,D,1,D,012018,D,,A,88806,D,88243,D,01,D,,A,,A,,A,,A,,A,,A,1,D,2,D
20181,03663284,46,0,5,01,D,100,D,.0480,D,110000,D,15,D,935,D,,B,,B,,B,,B,77,D,638,D,,A,,A,220,D,,A,,A,012018,D,02,D,2009,D,1,D,,A,54953,D,,A,,A,01,D,,A,,A,,A,,A,,A,,A,1,D,2,D
20181,03664484,17,0,5,01,D,100,D,.0400,D,45000,D,5,D,368,D,3,D,,A,,A,,A,35,D,189,D,190,D,190,D,144,D,143,D,143,D,,A,09,D,2017,D,1,D,,A,42955,D,42765,D,42575,D,01,D,,A,,A,,A,,A,,A,,A,1,D,2,D
20181,03665154,22,0,5,01,D,100,D,.0400,D,67000,D,20,D,588,D,,B,,B,,B,,B,182,D,225,D,226,D,227,D,181,D,180,D,179,D,,A,09,D,2012,D,1,D,,A,54218,D,53993,D,53767,D,01,D,,A,,A,,A,,A,,A,,A,1,D,2,D
20181,03666554,26,0,5,01,D,100,D,.0859,D,50000,D,10,D,1000,D,,B,,B,,B,,B,378,D,337,D,339,D,341,D,285,D,283,D,281,D,,A,02,D,2015,D,1,D,,A,39875,D,39538,D,39199,D,01,D,,A,,A,,A,,A,,A,,A,1,D,2,D
20181,03668604,21,0,5,01,D,100,D,.0859,D,58971,D,10,D,734,D,,A,,A,,A,,A,0,D,713,D,718,D,724,D,21,D,16,D,10,D,,A,04,D,2008,D,1,D,,A,2884,D,2170,D,1452,D,01,D,,A,,A,,A,,A,,A,,A,1,D,2,D
20181,03669454,42,0,5,01,D,100,D,.0859,D,75000,D,15,D,743,D,,A,,A,,A,,A,0,D,358,D,360,D,363,D,142,D,140,D,137,D,,A,11,D,2006,D,2,D,,A,29545,D,29014,D,28479,D,01,D,1,D,,A,,A,500,D,500,D,500,D,1,D,2,D
20181,03670014,9,0,5,01,D,100,D,.0859,D,30302,D,15,D,300,D,,A,,A,,A,,A,0,D,115,D,116,D,117,D,185,D,184,D,183,D,,A,02,D,2014,D,1,D,,A,25794,D,25679,D,25563,D,01,D,,A,,A,,A,,A,,A,,A,1,D,2,D
20181,03670224,24,0,5,01,D,100,D,.0400,D,45000,D,10,D,456,D,,A,,A,,A,,A,0,D,,A,,A,,A,,A,,A,,A,,A,04,D,2010,D,2,D,,A,12160,D,11745,D,11329,D,01,D,1,D,,A,,A,,A,,A,,A,1,D,2,D
20181,03693363,30,0,5,01,D,100,D,.0620,D,17000,D,10,D,210,D,,B,,B,,B,,B,20,D,112,D,112,D,113,D,78,D,78,D,77,D,,A,05,D,2016,D,1,D,,A,15189,D,15078,D,14966,D,01,D,,A,,A,,A,,A,,A,,A,1,D,2,D
20181,03696793,42,0,5,01,D,100,D,.0425,D,12000,D,10,D,123,D,,A,,A,,A,,A,0,D,0,D,0,D,0,D,70,D,70,D,70,D,,A,09,D,2014,D,2,D,,A,12000,D,12000,D,12000,D,01,D,,A,2,D,,A,70,D,70,D,70,D,,A,2,D
20181,03699703,47,0,5,01,D,100,D,.0859,D,19282,D,10,D,240,D,,A,,A,,A,,A,0,D,110,D,111,D,112,D,130,D,129,D,128,D,,A,11,D,2016,D,1,D,,A,18119,D,18009,D,17898,D,01,D,,A,,A,,A,,A,,A,,A,1,D,2,D
20181,03702353,23,0,5,01,D,100,D,.0859,D,35000,D,15,D,347,D,,A,,A,,A,,A,0,D,84,D,85,D,85,D,181,D,180,D,180,D,,A,03,D,2016,D,2,D,,A,33054,D,32944,D,32834,D,01,D,1,D,,A,,A,265,D,265,D,265,D,1,D,2,D
20181,03714423,29,0,5,01,D,100,D,.0859,F,226250,V,5,F,3363,V,,A,,A,,A,,A,0,F,976,F,983,F,990,F,224,F,217,F,210,F,,A,05,F,2015,F,2,F,,A,112706,F,109195,F,105659,F,01,D,,A,,A,,A,1200,F,1200,F,1200,F,1,D,2,D
20181,03715513,19,0,5,01,D,100,D,.0600,D,24000,D,15,D,221,D,3,D,4,D,,A,,A,18,D,159,D,160,D,160,D,44,D,43,D,43,D,,A,01,D,2007,D,1,D,,A,8853,D,8695,D,8535,D,01,D,,A,,A,,A,,A,,A,,A,1,D,2,D
20181,03720463,41,0,5,01,D,100,D,.0859,D,50000,D,10,D,1000,D,,B,,B,,B,,B,378,D,316,D,318,D,320,D,306,D,304,D,302,D,,A,10,D,2015,D,1,D,,A,42798,D,42483,D,42165,D,01,D,,A,,A,,A,,A,,A,,A,1,D,2,D
20181,03720713,17,0,5,01,D,100,D,.0859,F,27638,F,10,F,344,F,,A,,A,,A,,A,0,F,231,F,232,F,234,F,113,F,112,F,110,F,,A,06,F,2012,F,1,F,,A,15825,F,15595,F,15362,F,01,D,,A,,A,,A,,A,,A,,A,1,D,2,D
20181,03722373,19,0,5,01,D,100,D,.0859,D,20000,D,15,D,206,D,,B,,B,,B,,B,8,D,132,D,133,D,134,D,66,D,65,D,64,D,,A,08,D,2007,D,1,D,,A,9241,D,9110,D,8977,D,01,D,,A,,A,,A,,A,,A,,A,,C,,A
20181,03723403,51,0,5,01,D,100,D,.0625,D,11495,D,3,D,351,D,,A,,A,,A,,A,0,D,346,D,347,D,349,D,5,D,4,D,2,D,,A,02,D,2015,D,1,D,,A,1042,D,697,D,349,D,01,D,,A,,A,,A,,A,,A,,A,1,D,2,D
20181,03734483,20,0,5,01,D,100,D,.0859,D,226250,T,5,D,3363,T,,A,,A,,A,,A,0,D,976,D,983,D,990,D,224,D,217,D,210,D,,A,05,D,2015,D,2,D,,A,112706,D,109195,D,105659,D,01,D,1,D,,A,,A,1200,D,1200,D,1200,D,1,D,2,D
20181,03738313,25,0,5,01,D,100,D,.1150,D,30000,D,15,D,360,D,,B,,B,,B,,B,10,D,196,D,198,D,200,D,154,D,152,D,150,D,,A,12,D,2007,D,1,D,,A,16037,D,15841,D,15643,D,01,D,,A,,A,,A,,A,,A,,A,1,D,2,D
20181,03741743,31,0,5,01,D,100,D,.0859,D,16068,D,10,D,200,D,,A,,A,,A,,A,0,D,150,D,151,D,153,D,50,D,49,D,47,D,,A,04,D,2011,D,1,D,,A,6934,D,6784,D,6633,D,01,D,,A,,A,,A,,A,,A,,A,1,D,2,D
20181,03758922,18,0,5,01,D,100,D,.0400,D,75000,D,20,D,500,D,,B,,B,,B,,B,46,D,257,D,258,D,258,D,197,D,196,D,196,D,,A,01,D,2012,D,1,D,,A,59203,D,58946,D,58689,D,01,D,,A,,A,,A,,A,,A,,A,1,D,2,D
20181,03759082,12,0,5,01,D,100,D,.0859,F,20000,F,15,F,206,F,,B,,B,,B,,B,8,F,132,F,133,F,134,F,66,F,65,F,64,F,,A,08,F,2007,F,1,F,,A,9241,F,9110,F,8977,F,01,D,,C,,C,,C,,A,,A,,A,,C,,A
20181,03759622,22,0,5,01,D,100,D,.0939,D,17392,D,10,D,224,D,,A,,A,,A,,A,0,D,95,D,96,D,97,D,129,D,128,D,127,D,,A,12,D,2016,D,1,D,,A,16481,D,16386,D,16291,D,01,D,,A,,A,,A,,A,,A,,A,1,D,2,D
20181,03760192,41,0,5,01,D,100,D,.0859,D,117380,D,10,D,1461,D,,A,,A,,A,,A,0,D,621,D,625,D,630,D,840,D,836,D,831,D,,A,10,D,2017,D,1,D,,A,117380,D,116759,D,116134,D,01,D,,A,,A,,A,,A,,A,,A,1,D,2,D
20181,03761462,42,0,5,01,D,100,D,.0450,D,49633,D,20,D,314,D,,A,,A,,A,,A,0,D,174,D,174,D,175,D,140,D,140,D,139,D,,A,12,D,2010,D,1,D,,A,37383,D,37209,D,37035,D,01,D,,A,,A,,A,,A,,A,,A,1,D,2,D
20181,03763142,32,0,1,01,D,100,D,.0859,D,96411,D,10,D,1200,D,,A,,A,,A,,A,0,D,528,D,532,D,536,D,672,D,668,D,664,D,,A,05,D,2017,D,1,D,,A,93825,D,93297,D,92764,D,01,D,,A,,A,,A,,A,,A,,A,1,D,2,D
20181,03764952,20,0,5,01,D,100,D,.0859,D,16000,D,10,D,199,D,3,D,4,D,5,D,,A,0,D,155,D,156,D,157,D,25,D,24,D,23,D,,A,07,D,2009,D,2,D,,A,3870,D,3699,D,3526,D,01,D,,A,2,D,,A,980,D,980,D,980,D,1,D,2,D
20181,03765262,22,0,5,01,D,100,D,.0859,D,20202,D,15,D,200,D,,A,,A,,A,,A,0,D,144,D,145,D,146,D,56,D,55,D,54,D,,A,08,D,2006,D,1,D,,A,7816,D,7672,D,7527,D,01,D,,A,,A,,A,,A,,A,,A,1,D,2,D
20181,03765632,25,0,5,01,D,100,D,.0450,F,50000,F,12,F,450,F,,A,,A,,A,,A,0,F,380,F,382,F,383,F,70,F,68,F,67,F,,A,09,F,2009,F,1,F,,A,18602,F,18222,F,17840,F,01,D,,C,,C,,C,,A,,A,,A,1,D,2,D
20181,03777482,33,0,5,01,D,100,D,.0549,D,20000,D,15,D,511,D,,B,,B,,B,,B,348,D,151,D,152,D,153,D,12,D,11,D,10,D,,A,03,D,2004,D,1,D,,A,2590,D,2439,D,2287,D,01,D,,A,,A,,A,,A,,A,,A,1,D,2,D
20181,03778262,22,0,5,01,D,100,D,.0450,D,36000,D,15,D,275,D,,C,,C,,C,,C,0,D,215,D,215,D,216,D,60,D,60,D,59,D,,A,05,D,2008,D,2,D,,A,16131,D,15917,D,15702,D,01,D,1,D,,A,,A,,C,,C,,C,,C,,A
20181,03778332,22,0,5,01,D,100,D,.0859,D,25000,D,10,D,311,D,,A,,A,,A,,A,0,D,,A,,A,,A,,A,,A,,A,,A,06,D,2006,D,2,D,,A,,A,,A,,A,01,D,1,D,,A,,A,14750,T,7800,T,200,D,1,D,2,D
20181,03778852,46,0,5,01,D,100,D,.0400,D,10000,D,10,D,101,D,,A,,A,,A,,A,0,D,,A,,A,,A,,A,,A,,A,,A,07,D,2017,D,2,D,,A,9727,D,9658,D,9589,D,01,D,,A,,A,3,D,,A,,A,,A,1,D,2,D
20181,03778942,42,0,5,01,D,100,D,.0859,D,52222,D,10,D,650,D,,A,,A,,A,,A,0,D,,A,,A,276,D,,A,,A,374,D,,A,01,D,2018,D,1,D,012018,D,,A,,A,52222,D,01,D,,A,,A,,A,,A,,A,,A,1,D,2,D
20181,03778942,72,0,5,01,D,100,D,.0859,D,40067,D,20,D,350,D,,A,,A,,A,,A,0,D,301,D,303,D,,A,49,D,47,D,,A,012018,D,08,D,1999,D,1,D,,A,6800,D,6498,D,,A,01,D,,A,,A,,A,,A,,A,,A,1,D,2,D
20181,03779022,14,0,5,01,D,100,D,.0580,D,33000,D,20,D,249,D,,B,,B,,B,,B,16,D,136,D,137,D,138,D,97,D,96,D,95,D,,A,03,D,2007,D,1,D,,A,20018,D,19882,D,19745,D,01,D,,A,,A,,A,,A,,A,,A,1,D,2,D
20181,03781852,16,0,5,01,D,100,D,.0450,F,36000,F,15,F,275,F,,C,,C,,C,,C,0,F,215,F,215,F,216,F,60,F,60,F,59,F,,A,05,F,2008,F,2,F,,A,16131,F,15917,F,15702,F,01,D,,C,,C,,C,,C,,C,,C,,C,,A
20181,03786792,20,0,5,01,D,100,D,.0859,F,20000,F,15,F,206,F,,B,,B,,B,,B,8,F,132,F,133,F,134,F,66,F,65,F,64,F,,A,08,F,2007,F,1,F,,A,9241,F,9110,F,8977,F,01,D,,A,,A,,A,,A,,A,,A,,C,,A
20181,03798272,21,0,5,01,D,100,D,.0410,D,50000,D,15,D,400,D,,B,,B,,B,,B,28,D,217,D,218,D,218,D,155,D,154,D,154,D,,A,02,D,2016,D,1,D,,A,45412,D,45195,D,44977,D,01,D,,A,,A,,A,,A,,A,,A,1,D,2,D
20181,03799982,14,0,5,01,D,100,D,.0480,D,30000,D,15,D,250,D,,B,,B,,B,,B,16,D,0,D,0,D,0,D,234,D,234,D,234,D,,A,04,D,2014,D,1,D,,A,30000,D,30000,D,30000,D,01,D,,A,,A,,A,,A,,A,,A,,A,2,D
20181,03804772,21,0,5,01,D,100,D,.0425,D,8786,D,10,D,90,D,,A,,A,,A,,A,0,D,75,D,75,D,75,D,15,D,15,D,15,D,,A,04,D,2012,D,1,D,,A,4268,D,4193,D,4118,D,01,D,,A,,A,,A,,A,,A,,A,1,D,2,D
20181,03805402,32,0,5,01,D,100,D,.0859,D,12000,D,23,D,500,D,3,D,,A,,A,,A,400,F,33,F,33,F,33,F,33,F,33,F,33,F,,A,01,F,2009,D,1,D,,A,9364,F,9331,F,9298,F,01,D,,A,,A,,A,,A,,A,,A,,A,,A
20181,03806012,15,0,5,01,D,100,D,.0400,F,85000,F,15,F,629,F,,A,,A,,A,,A,0,F,0,F,0,F,0,F,,A,,A,,A,,A,08,F,2012,F,2,F,,A,85000,F,85000,F,85000,F,01,D,1,D,,A,,A,125,F,125,F,125,F,,A,2,D
20181,03806192,17,0,1,01,D,100,D,.0400,F,50000,F,12,F,529,F,,B,,B,,B,,B,91,F,284,F,285,F,286,F,154,F,153,F,152,F,,A,08,F,2016,F,1,F,,A,46118,F,45834,F,45548,F,01,D,,A,,A,,A,,A,,A,,A,1,D,2,D
20181,03820511,25,0,1,01,D,100,D,.0400,D,20000,D,5,D,400,D,,B,,B,,B,,B,32,D,316,D,317,D,318,D,52,D,51,D,50,D,,A,08,D,2016,D,1,D,,A,15689,D,15373,D,15056,D,01,D,,A,,A,,A,,A,,A,,A,1,D,2,D
20181,03821981,15,0,1,01,D,100,D,.0859,D,10101,D,15,D,100,D,,A,,A,,A,,A,0,D,0,D,0,D,0,D,75,D,75,D,75,D,,A,08,D,2006,D,1,D,,A,10101,D,10101,D,10101,D,01,D,,A,,A,,A,,A,,A,,A,,A,2,D
20181,03822591,19,0,1,01,D,100,D,.0400,D,95000,D,5,D,1750,D,,A,,A,,A,,A,0,D,,A,,A,,A,,A,,A,,A,,A,06,D,2017,D,2,D,,A,89240,D,87788,D,86331,D,01,D,1,D,,A,,A,300,D,300,D,300,D,1,D,2,D
20181,03823351,28,0,1,01,D,100,D,.0400,D,25000,D,15,D,200,D,,B,,B,,B,,B,15,D,119,D,120,D,120,D,66,D,65,D,65,D,,A,10,D,2013,D,1,D,,A,19717,D,19598,D,19478,D,01,D,,A,,A,,A,,A,,A,,A,,C,,A
20181,03824541,16,0,1,01,D,100,D,.0525,D,36500,D,10,D,392,D,,A,,A,,A,,A,0,D,,A,,A,,A,,A,,A,,A,,A,06,D,2013,D,2,D,,A,22991,D,22700,D,22407,D,01,D,1,D,,A,,A,0,D,0,D,0,D,1,D,2,D
20181,03840221,16,0,1,01,D,100,D,.0859,D,40000,D,20,D,400,D,,B,,B,,B,,B,51,D,67,D,68,D,68,D,282,D,281,D,281,D,,A,01,D,2017,D,1,D,,A,39353,D,39285,D,39218,D,01,D,,A,,A,,A,,A,,A,,A,1,D,2,D
20181,03845731,17,0,1,01,D,100,D,.0400,D,67000,D,10,D,687,D,,B,,B,,B,,B,9,D,574,D,576,D,578,D,104,D,102,D,100,D,,A,01,D,2012,D,1,D,,A,31221,D,30647,D,30071,D,01,D,,A,,A,,A,,A,,A,,A,1,D,2,D
20181,03847771,15,0,1,01,D,100,D,.0475,D,2000,D,10,D,1900,D,3,D,4,D,,A,,A,1879,D,16,D,16,D,16,D,5,D,5,D,5,D,,A,01,D,2014,D,1,D,,A,1341,D,1326,D,1310,D,01,D,,A,,A,,A,,A,,A,,A,1,D,2,D
20181,03849391,9,0,1,01,D,100,D,.0400,D,21068,D,5,D,388,D,,A,,A,,A,,A,0,D,331,D,332,D,333,D,57,D,56,D,55,D,,A,11,D,2016,D,1,D,,A,17184,D,16853,D,16521,D,01,D,,A,,A,,A,,A,,A,,A,1,D,2,D
20181,03849541,10,0,1,01,D,100,D,.0859,F,19282,F,10,F,240,F,,A,,A,,A,,A,0,F,110,F,111,F,112,F,130,F,129,F,128,F,,A,11,F,2016,F,1,F,,A,18119,F,18009,F,17898,F,01,D,,A,,A,,A,,A,,A,,A,1,D,2,D
20181,03850081,27,0,1,01,D,100,D,.0859,D,36673,D,5,D,754,D,,A,,A,,A,,A,0,D,697,D,702,D,707,D,57,D,52,D,47,D,,A,10,D,2013,D,1,D,,A,7948,D,7251,D,6549,D,01,D,,A,,A,,A,,A,,A,,A,1,D,2,D
20181,03852221,6,0,1,01,D,100,D,.0500,D,5657,D,10,D,60,D,,A,,A,,A,,A,0,D,0,D,0,D,0,D,60,D,60,D,60,D,,A,06,D,2014,D,1,D,,A,5657,D,5657,D,5657,D,01,D,,A,,A,,A,,A,,A,,A,,A,2,D
20181,03853051,11,0,1,01,D,100,D,.0410,F,50000,F,15,F,400,F,,B,,B,,B,,B,28,F,217,F,218,F,218,F,155,F,154,F,154,F,,A,02,F,2016,F,1,F,,A,45412,F,45195,F,44977,F,01,D,1,D,,A,,A,,A,,A,,A,1,D,2,D
20181,03853451,12,0,1,01,D,100,D,.0450,D,68000,D,15,D,200,D,,A,,A,,A,,A,,B,,A,,A,,A,,A,,A,,A,,A,10,D,2018,D,1,D,,A,,A,,A,,A,01,D,,A,,A,,A,,A,,A,,A,1,D,2,D
20181,03854531,14,0,1,01,D,100,D,.0400,D,85000,D,15,D,629,D,,A,,A,,A,,A,0,D,0,D,0,D,0,D,,A,,A,,A,,A,08,D,2012,D,2,D,,A,85000,D,85000,D,85000,D,01,D,,A,2,D,,A,125,D,125,D,125,D,,A,2,D
20181,03854991,11,0,1,01,D,100,D,.0415,D,22558,D,10,D,230,D,,A,,A,,A,,A,0,D,153,D,154,D,154,D,77,D,76,D,76,D,,A,10,D,2017,D,1,D,,A,22254,D,22100,D,21947,D,01,D,,A,,A,,A,,A,,A,,A,1,D,2,D
20181,03856811,23,0,1,01,D,100,D,.0859,D,16068,D,10,D,200,D,,A,,A,,A,,A,0,D,86,D,86,D,87,D,114,D,114,D,113,D,,A,11,D,2017,D,1,D,,A,15983,D,15897,D,15811,D,01,D,,A,,A,,A,,A,,A,,A,1,D,2,D
20181,03857091,14,0,1,01,D,100,D,.0859,D,105409,D,10,D,1312,D,,A,,A,,A,,A,0,D,0,D,0,D,0,D,1312,D,1312,D,1312,D,,A,03,D,2016,D,1,D,,A,105409,D,105409,D,105409,D,01,D,,A,,A,,A,,A,,A,,A,,A,2,D
20181,03857101,24,0,1,01,D,100,D,.0650,D,77000,D,15,D,929,D,,B,,B,,B,,B,258,D,515,D,518,D,521,D,156,D,153,D,150,D,,A,01,D,2007,D,1,D,,A,28752,D,28236,D,27718,D,01,D,,A,,A,,A,,A,,A,,A,1,D,2,D
20181,03857151,13,0,1,01,D,100,D,.0859,F,97675,F,15,F,967,F,,A,,A,,A,,A,0,F,391,F,394,F,396,F,576,F,573,F,571,F,,A,06,F,2013,F,1,F,,A,80487,F,80096,F,79702,F,01,D,1,D,,A,,A,,A,,A,,A,1,D,2,D
20181,03857711,5,0,1,01,D,100,D,.0859,F,226250,V,5,F,3363,V,,A,,A,,A,,A,0,F,976,F,983,F,990,F,224,F,217,F,210,F,,A,05,F,2015,F,2,F,,A,112706,F,109195,F,105659,F,01,D,,A,,A,,A,1200,F,1200,F,1200,F,1,D,2,D
20181,03859401,24,0,1,01,D,100,D,.0859,F,55253,F,5,F,1136,F,3,F,4,F,,A,,A,0,F,978,F,985,F,992,F,158,F,151,F,144,F,,A,07,F,2014,F,1,F,,A,22076,F,21098,F,20113,F,01,D,,A,,A,,A,,A,,A,,A,1,D,2,D
20182,03693364,25,0,5,01,D,100,D,.0620,D,17000,D,10,D,210,D,,B,,B,,B,,B,20,D,113,D,114,D,114,D,77,D,76,D,76,D,,A,05,D,2016,D,1,D,,A,14853,D,14740,D,14626,D,01,D,,A,,A,,A,,A,,A,,A,1,D,2,D
20182,03696794,36,0,5,01,D,100,D,.0425,D,12000,D,10,D,123,D,,A,,A,,A,,A,0,D,0,D,0,D,0,D,57,D,57,D,57,D,,A,09,D,2014,D,2,D,,A,12000,D,12000,D,12000,D,01,D,,A,2,D,,A,70,D,74,D,67,D,,A,2,D
20182,03699704,48,0,5,01,D,100,D,.0440,D,23000,D,10,D,240,D,,B,,B,,B,,B,3,D,161,D,161,D,162,D,76,D,76,D,75,D,,A,11,D,2016,D,1,D,,A,20811,D,20650,D,20489,D,01,D,,A,,A,,A,,A,,A,,A,1,D,2,D
20182,03702354,14,0,5,01,D,100,D,.0440,D,35000,D,15,D,266,D,,A,,A,,A,,A,0,D,149,D,149,D,150,D,116,D,116,D,115,D,,A,03,D,2016,D,2,D,,A,31853,D,31704,D,31554,D,01,D,1,D,,A,,A,265,D,265,D,265,D,1,D,2,D
20182,03714424,29,0,5,01,D,100,D,.0662,F,111000,F,15,F,974,F,,A,,A,,A,,A,0,F,821,F,825,F,830,F,153,F,149,F,144,F,,A,10,F,2005,F,1,F,,A,27752,F,26931,F,26106,F,01,D,,A,,A,,A,,A,,A,,A,1,D,2,D
20182,03714784,14,0,1,01,D,100,D,.0450,F,36000,F,15,F,275,F,,C,,C,,C,,C,0,F,213,F,214,F,215,F,62,F,61,F,60,F,,A,10,F,2008,F,2,F,,A,16558,F,16345,F,16131,F,01,D,,A,,A,,A,0,F,0,F,0,F,,C,,A
20182,03715514,23,0,5,01,D,100,D,.0600,D,24000,D,15,D,221,D,3,D,4,D,,A,,A,18,D,161,D,162,D,163,D,42,D,41,D,40,D,,A,01,D,2007,D,1,D,,A,8375,D,8214,D,8052,D,01,D,,A,,A,,A,,A,,A,,A,1,D,2,D
20182,03720464,35,0,5,01,D,100,D,.0460,D,50000,D,10,D,1000,D,,B,,B,,B,,B,479,D,367,D,368,D,369,D,154,D,153,D,152,D,,A,10,D,2015,D,1,D,,A,40285,D,39919,D,39551,D,01,D,,A,,A,,A,,A,,A,,A,1,D,2,D
20182,03720714,19,0,5,01,D,100,D,.0492,D,27000,D,5,D,510,D,3,D,4,D,,A,,A,1,D,475,D,477,D,479,D,34,D,32,D,30,D,,A,07,D,2014,D,1,D,,A,8312,D,7837,D,7361,D,01,D,,A,,A,,A,,A,,A,,A,1,D,2,D
20182,03722374,15,0,5,01,D,100,D,.0460,D,20000,D,15,D,206,D,,B,,B,,B,,B,52,D,87,D,87,D,88,D,67,D,67,D,66,D,,A,07,D,2015,D,1,D,,A,17460,D,17373,D,17285,D,01,D,,A,,A,,A,,A,,A,,A,,C,,A
20182,03734484,18,0,5,01,D,100,D,.0460,D,226250,T,10,D,3363,T,,A,,A,,A,,A,0,D,841,D,844,D,847,D,359,D,356,D,353,D,,A,12,D,2015,D,2,D,,A,148487,T,147606,T,146722,T,01,D,1,D,,A,,A,1200,D,1200,D,1200,D,1,D,2,D
20182,03738314,17,0,5,01,D,100,D,.1150,D,30000,D,15,D,360,D,,B,,B,,B,,B,10,D,208,D,210,D,212,D,142,D,140,D,138,D,,A,09,D,2007,D,1,D,,A,14831,D,14623,D,14413,D,01,D,,A,,A,,A,,A,,A,,A,1,D,2,D
20182,03741174,41,0,5,01,D,100,D,.0425,D,34971,D,5,D,648,D,,A,,A,,A,,A,0,D,,A,,A,524,D,,A,,A,124,D,,A,05,D,2018,D,1,D,,A,,A,,A,34971,D,01,D,,A,,A,,A,,A,,A,,A,1,D,2,D
20182,03741744,41,0,5,01,D,100,D,.0521,D,18675,D,10,D,200,D,,A,,A,,A,,A,0,D,170,D,170,D,171,D,30,D,30,D,29,D,,A,05,D,2011,D,1,D,,A,6992,D,6823,D,6652,D,01,D,,A,,A,,A,,A,,A,,A,1,D,2,D
20182,03743604,17,0,5,01,D,100,D,.0662,D,111000,D,15,D,974,D,,A,,A,,A,,A,0,D,821,D,825,D,830,D,153,D,149,D,144,D,,A,10,D,2005,D,1,D,,A,27752,D,26931,D,26106,D,01,D,,A,,A,,A,,A,,A,,A,1,D,2,D
20182,03759083,12,0,5,01,D,100,D,.0460,F,20000,F,15,F,206,F,,B,,B,,B,,B,52,F,87,F,87,F,88,F,67,F,67,F,66,F,,A,07,F,2015,F,1,F,,A,17460,F,17373,F,17285,F,01,D,,C,,C,,C,,A,,A,,A,,C,,A
20182,03759623,17,0,5,01,D,100,D,.0939,D,10693,D,5,D,224,D,,A,,A,,A,,A,0,D,163,D,164,D,165,D,61,D,60,D,59,D,,A,06,D,2016,D,1,D,,A,7830,D,7668,D,7504,D,01,D,,A,,A,,A,,A,,A,,A,1,D,2,D
20182,03760193,47,0,5,01,D,100,D,.0475,D,139345,D,10,D,1461,D,,A,,A,,A,,A,0,D,920,D,924,D,928,D,541,D,537,D,533,D,,A,10,D,2017,D,1,D,,A,148487,T,147606,T,146722,T,01,D,,A,,A,,A,,A,,A,,A,1,D,2,D
20182,03760573,6,0,1,01,D,100,D,.0600,F,60000,F,12,F,600,F,,B,,B,,B,,B,14,F,513,F,515,F,518,F,73,F,71,F,68,F,,A,06,F,2008,F,1,F,,A,14676,F,14163,F,13648,F,01,D,1,D,,A,,A,,A,,A,,A,1,D,2,D
20182,03761463,30,0,5,01,D,100,D,.0450,D,49633,D,20,D,314,D,,A,,A,,A,,A,0,D,176,D,176,D,177,D,138,D,138,D,137,D,,A,12,D,2010,D,1,D,,A,36859,D,36684,D,36507,D,01,D,,A,,A,,A,,A,,A,,A,1,D,2,D
20182,03763143,32,0,5,01,D,100,D,.0475,D,100000,D,10,D,1200,D,,B,,B,,B,,B,152,D,673,D,676,D,678,D,375,D,372,D,370,D,,A,05,D,2017,D,1,D,,A,94710,D,94037,D,93361,D,01,D,,A,,A,,A,,A,,A,,A,1,D,2,D
20182,03764533,19,0,5,01,D,100,D,.0475,D,13000,D,3,D,400,D,,B,,B,,B,,B,12,D,,A,337,D,338,D,,A,51,D,50,D,,A,02,D,2018,D,1,D,,A,,A,13000,D,12663,D,01,D,,A,,A,,A,,A,,A,,A,1,D,2,D
20182,03764953,15,0,5,01,D,100,D,.0579,D,16000,D,10,D,176,D,3,D,4,D,5,D,,A,0,D,160,D,161,D,162,D,15,D,14,D,13,D,,A,07,D,2009,D,2,D,,A,3026,D,2865,D,2703,D,01,D,,A,2,D,,A,900,D,900,D,900,D,1,D,2,D
20182,03765263,19,0,5,01,D,100,D,.0716,D,22031,D,15,D,200,D,,A,,A,,A,,A,0,D,155,D,156,D,157,D,45,D,44,D,43,D,,A,08,D,2006,D,1,D,,A,7565,D,7410,D,7254,D,01,D,,A,,A,,A,,A,,A,,A,1,D,2,D
20182,03765633,18,0,5,01,D,100,D,.0709,F,11838,F,15,F,107,F,,A,,A,,A,,A,0,F,81,F,82,F,82,F,26,F,25,F,25,F,,A,02,F,2007,F,1,F,,A,4380,F,4299,F,4217,F,01,D,,C,,C,,C,,A,,A,,A,1,D,2,D
20182,03777483,29,0,5,01,D,100,D,.0549,D,20000,D,15,D,511,D,,B,,B,,B,,B,348,D,155,D,155,D,156,D,8,D,8,D,7,D,,A,01,D,2004,D,1,D,,A,1827,D,1672,D,1517,D,01,D,,A,,A,,A,,A,,A,,A,1,D,2,D
20182,03778263,19,0,5,01,D,100,D,.0450,D,36000,D,15,D,275,D,,C,,C,,C,,C,0,D,213,D,214,D,215,D,62,D,61,D,60,D,,A,10,D,2008,D,2,D,,A,16558,D,16345,D,16131,D,01,D,1,D,,A,,A,0,D,0,D,0,D,,C,,A
20182,03778853,44,0,5,01,D,100,D,.0400,D,10000,D,10,D,101,D,,A,,A,,A,,A,0,D,159,D,159,D,160,D,72,D,72,D,71,D,,A,07,D,2017,D,2,D,,A,9520,D,9450,D,9381,D,01,D,,A,,A,3,D,244,D,233,D,231,D,1,D,2,D
20182,03778943,34,0,5,01,D,100,D,.0475,F,100000,F,10,F,1200,F,,B,,B,,B,,B,152,F,673,F,676,F,678,F,375,F,372,F,370,F,,A,05,F,2017,F,1,F,,A,94710,F,94037,F,93361,F,01,D,,A,,A,,A,,A,,A,,A,1,D,2,D
20182,03779023,21,0,5,01,D,100,D,.0580,D,33000,D,20,D,249,D,,B,,B,,B,,B,16,D,139,D,140,D,140,D,94,D,93,D,93,D,,A,02,D,2007,D,1,D,,A,19469,D,19330,D,19191,D,01,D,,A,,A,,A,,A,,A,,A,1,D,2,D
20182,03781853,10,0,5,01,D,100,D,.0460,F,20000,F,15,F,206,F,,B,,B,,B,,B,52,F,87,F,87,F,88,F,67,F,67,F,66,F,,A,07,F,2015,F,1,F,,A,17460,F,17373,F,17285,F,01,D,,C,,C,,C,,A,,A,,A,,C,,A
20182,03786793,20,0,5,01,D,100,D,.0460,F,20000,F,15,F,206,F,,B,,B,,B,,B,52,F,87,F,87,F,88,F,67,F,67,F,66,F,,A,07,F,2015,F,1,F,,A,17460,F,17373,F,17285,F,01,D,,A,,A,,A,,A,,A,,A,,C,,A
20182,03798273,27,0,5,01,D,100,D,.0410,D,50000,D,15,D,400,D,,B,,B,,B,,B,28,D,219,D,220,D,221,D,153,D,152,D,151,D,,A,02,D,2016,D,1,D,,A,44759,D,44540,D,44320,D,01,D,,A,,A,,A,,A,,A,,A,1,D,2,D
20182,03799983,20,0,5,01,D,100,D,.0480,D,30000,D,15,D,250,D,,B,,B,,B,,B,16,D,0,D,0,D,0,D,234,D,234,D,234,D,,A,04,D,2014,D,1,D,,A,30000,D,30000,D,30000,D,01,D,,A,,A,,A,,A,,A,,A,,A,2,D
20182,03801073,6,0,1,01,D,100,D,.0544,D,49146,D,15,D,400,D,3,D,4,D,,A,,A,0,D,267,D,269,D,270,D,133,D,131,D,130,D,,A,08,D,2010,D,1,D,,A,29240,D,28973,D,28704,D,01,D,,A,,A,,A,,A,,A,,A,1,D,2,D
20182,03805403,31,0,5,01,D,100,D,.0579,D,12000,D,15,D,500,D,3,D,,A,,A,,A,400,D,71,D,72,D,72,D,29,D,28,D,28,D,,A,01,D,2009,D,1,D,,A,5909,D,5838,D,5766,D,01,D,,A,,A,,A,,A,,A,,A,,A,,A
20182,03806013,15,0,5,01,D,100,D,.0480,F,30000,F,15,F,250,F,,B,,B,,B,,B,16,F,0,F,0,F,0,F,234,F,234,F,234,F,,A,04,F,2014,F,1,F,,A,30000,F,30000,F,30000,F,01,D,1,D,,A,,A,,A,,A,,A,,A,2,D
20182,03820512,26,0,5,01,D,100,D,.0400,D,20000,D,5,D,400,D,,B,,B,,B,,B,32,D,319,D,320,D,321,D,49,D,48,D,47,D,,A,08,D,2016,D,1,D,,A,14738,D,14420,D,14100,D,01,D,,A,,A,,A,,A,,A,,A,1,D,2,D
20182,03821982,14,0,5,01,D,100,D,.0716,D,11016,D,15,D,100,D,,A,,A,,A,,A,0,D,0,D,0,D,0,D,75,D,75,D,75,D,,A,08,D,2006,D,1,D,,A,11016,D,11016,D,11016,D,01,D,,A,,A,,A,,A,,A,,A,,A,2,D
20182,03822592,14,0,5,01,D,100,D,.0400,D,95000,D,5,D,1750,D,,A,,A,,A,,A,0,D,251,D,252,D,253,D,49,D,48,D,47,D,,A,06,D,2017,D,2,D,,A,84869,D,83402,D,81931,D,01,D,1,D,,A,,A,300,D,300,D,300,D,1,D,2,D
20182,03824542,22,0,5,01,D,100,D,.0525,D,36500,D,10,D,392,D,,A,,A,,A,,A,0,D,0,D,0,D,0,D,0,D,0,D,0,D,,A,06,D,2013,D,2,D,,A,22114,D,21819,D,21523,D,01,D,1,D,,A,,A,0,D,0,D,0,D,1,D,2,D
20182,03828922,32,0,5,01,D,100,D,.0475,D,15000,D,15,D,300,D,,B,,B,,B,,B,183,D,58,D,58,D,58,D,59,D,59,D,59,D,,A,01,D,2018,D,1,D,,A,15000,D,14942,D,14885,D,01,D,,A,,A,,A,,A,,A,,A,1,D,2,D
20182,03840222,13,0,5,01,D,100,D,.0475,D,40000,D,20,D,400,D,,B,,B,,B,,B,142,D,105,D,105,D,106,D,153,D,153,D,152,D,,A,01,D,2017,D,1,D,,A,38673,D,38568,D,38463,D,01,D,,A,,A,,A,,A,,A,,A,1,D,2,D
20182,03842142,16,0,1,01,D,100,D,.0475,F,13000,F,3,F,400,F,,B,,B,,B,,B,12,F,,A,337,F,338,F,,A,51,F,50,F,,A,02,F,2018,F,1,F,,A,,A,13000,F,12663,F,01,D,,A,,A,,A,,A,,A,,A,1,D,2,D
20182,03844852,25,0,1,01,D,100,D,.0440,D,53317,D,10,D,550,D,,A,,A,,A,,A,0,D,381,D,383,D,384,D,85,D,84,D,83,D,,A,06,D,2016,D,1,D,,A,45974,D,45593,D,45210,D,01,D,,A,,A,,A,,A,,A,,A,1,D,2,D
20182,03845732,25,0,5,01,D,100,D,.0400,D,67000,D,10,D,687,D,,B,,B,,B,,B,9,D,580,D,582,D,584,D,98,D,96,D,94,D,,A,01,D,2012,D,1,D,,A,29493,D,28913,D,28332,D,01,D,,A,,A,,A,,A,,A,,A,1,D,2,D
20182,03847772,25,0,5,01,D,100,D,.0475,D,2000,D,10,D,1900,D,3,D,4,D,,A,,A,1879,D,16,D,16,D,16,D,5,D,5,D,5,D,,A,01,D,2014,D,1,D,,A,1294,D,1278,D,1262,D,01,D,,A,,A,,A,,A,,A,,A,1,D,2,D
20182,03849392,11,0,5,01,D,100,D,.0400,D,38323,D,10,D,388,D,,A,,A,,A,,A,0,D,274,D,274,D,275,D,114,D,114,D,113,D,,A,11,D,2016,D,1,D,,A,34327,D,34053,D,33779,D,01,D,,A,,A,,A,,A,,A,,A,1,D,2,D
20182,03849542,23,0,5,01,D,100,D,.0473,F,42611,F,15,F,331,F,,A,,A,,A,,A,0,F,202,F,202,F,203,F,103,F,103,F,102,F,,A,07,F,2013,F,1,F,,A,32821,F,32619,F,32417,F,01,D,,A,,A,,A,,A,,A,,A,1,D,2,D
20182,03850082,31,0,5,01,D,100,D,.0473,D,40218,D,5,D,754,D,,A,,A,,A,,A,0,D,731,D,734,D,736,D,23,D,20,D,18,D,,A,10,D,2013,D,1,D,,A,5926,D,5196,D,4462,D,01,D,,A,,A,,A,,A,,A,,A,1,D,2,D
20182,03852092,17,0,5,01,D,100,D,.0600,D,217,D,10,D,2,D,,C,,C,,C,,C,0,D,,A,1,D,1,D,,A,1,D,1,D,,A,04,D,2018,D,2,D,,A,,A,217,D,216,D,01,D,,A,2,D,,A,217,D,217,D,217,D,,C,,A
20182,03852112,22,0,1,01,D,100,D,.0500,D,5000,D,5,D,94,D,,A,,A,,A,,A,0,D,,A,,A,,A,,A,,A,,A,,A,09,D,2016,D,2,D,,A,3629,D,3549,D,3470,D,01,D,1,D,,A,,A,,C,,C,,C,1,D,2,D
20182,03852222,11,0,5,01,D,100,D,.0500,D,5657,D,10,D,60,D,,A,,A,,A,,A,0,D,0,D,0,D,0,D,60,D,60,D,60,D,,A,06,D,2014,D,1,D,,A,5657,D,5657,D,5657,D,01,D,,A,,A,,A,,A,,A,,A,,A,2,D
20182,03853052,22,0,5,01,D,100,D,.0530,F,30000,F,20,F,400,F,,B,,B,,B,,B,197,F,155,F,156,F,157,F,48,F,47,F,46,F,,A,04,F,2003,F,1,F,,A,10832,F,10677,F,10521,F,01,D,1,D,,A,,A,,A,,A,,A,1,D,2,D
20182,03853452,13,0,5,01,D,100,D,.0450,D,26144,D,15,D,200,D,,A,,A,,A,,A,0,D,130,D,131,D,131,D,70,D,69,D,69,D,,A,10,D,2012,D,1,D,,A,18655,D,18525,D,18394,D,01,D,,A,,A,,A,,A,,A,,A,1,D,2,D
20182,03853802,7,0,1,01,D,100,D,.0460,F,55000,F,15,F,895,F,,B,,B,,B,,B,471,F,243,F,244,F,245,F,181,F,180,F,179,F,,A,05,F,2015,F,1,F,,A,47275,F,47032,F,46788,F,01,D,,A,,A,,A,,A,,A,,A,1,D,2,D
20182,03854992,16,0,5,01,D,100,D,.0415,D,22558,D,10,D,230,D,,A,,A,,A,,A,0,D,155,D,155,D,156,D,75,D,75,D,74,D,,A,10,D,2017,D,1,D,,A,21793,D,21638,D,21483,D,01,D,,A,,A,,A,,A,,A,,A,1,D,2,D
20182,03857102,26,0,5,01,D,100,D,.0650,D,77000,D,15,D,929,D,,B,,B,,B,,B,258,D,353,D,355,D,357,D,318,D,316,D,314,D,,A,02,D,2013,D,1,D,,A,58704,D,58351,D,57996,D,01,D,,A,,A,,A,,A,,A,,A,1,D,2,D
20182,03857152,19,0,5,01,D,100,D,.1150,F,30000,F,15,F,360,F,,B,,B,,B,,B,10,F,208,F,210,F,212,F,142,F,140,F,138,F,,A,09,F,2007,F,1,F,,A,14831,F,14623,F,14413,F,01,D,1,D,,A,,A,,A,,A,,A,1,D,2,D
20182,03857712,14,0,5,01,D,100,D,.0440,D,166096,D,13,D,1400,D,,A,,A,,A,,A,0,D,842,D,845,D,848,D,558,D,555,D,552,D,,A,10,D,2016,D,1,D,,A,148487,T,147606,T,146722,T,01,D,,A,,A,,A,,A,,A,,A,1,D,2,D
20182,03860172,8,0,1,01,D,100,D,.0440,F,23000,F,10,F,240,F,,B,,B,,B,,B,3,F,161,F,161,F,162,F,76,F,76,F,75,F,,A,11,F,2016,F,1,F,,A,20811,F,20650,F,20489,F,01,D,1,D,,A,,A,,A,,A,,A,1,D,2,D
20182,03892251,15,0,1,01,D,100,D,.0600,D,30000,D,14,D,267,D,,B,,B,,B,,B,3,D,240,D,241,D,242,D,24,D,23,D,22,D,,A,08,D,2005,D,1,D,,A,4862,D,4623,D,4382,D,01,D,,A,,A,,A,,A,,A,,A,1,D,2,D
20182,03892341,28,0,1,01,D,100,D,.0450,D,100000,D,10,D,1036,D,,A,,A,,A,,A,0,D,,A,,A,,A,,A,,A,,A,,A,05,D,2011,D,2,D,,A,38429,D,37537,D,36641,D,01,D,1,D,,A,,A,0,D,0,D,0,D,1,D,2,D
20182,03893051,24,0,1,01,D,100,D,.0460,D,25000,D,15,D,225,D,,B,,B,,B,,B,32,D,111,D,112,D,112,D,82,D,81,D,81,D,,A,02,D,2015,D,1,D,,A,21368,D,21257,D,21145,D,01,D,,A,,A,,A,,A,,A,,A,1,D,2,D
20182,03897631,22,0,1,01,D,100,D,.0473,D,42611,D,15,D,331,D,,A,,A,,A,,A,0,D,202,D,202,D,203,D,103,D,103,D,102,D,,A,07,D,2013,D,1,D,,A,32821,D,32619,D,32417,D,01,D,,A,,A,,A,,A,,A,,A,1,D,2,D
20182,03903791,8,0,1,01,D,100,D,.0709,F,11838,F,15,F,107,F,,A,,A,,A,,A,0,F,81,F,82,F,82,F,26,F,25,F,25,F,,A,02,F,2007,F,1,F,,A,4380,F,4299,F,4217,F,01,D,1,D,,A,,A,,A,,A,,A,1,D,2,D
20182,03906171,16,0,1,01,D,100,D,.0474,D,80000,D,10,D,838,D,,A,,A,,A,,A,0,D,,A,,A,,A,,A,,A,,A,,A,08,D,2016,D,2,D,,A,70274,D,69714,D,69151,D,01,D,,A,2,D,,A,200,D,200,D,200,D,1,D,2,D
20182,03906631,14,0,1,01,D,100,D,.0500,D,8000,D,8,D,180,D,,B,,B,,B,,B,79,D,88,D,89,D,89,D,13,D,12,D,12,D,,A,10,D,2012,D,1,D,,A,3049,D,2960,D,2872,D,01,D,,A,,A,,A,,A,,A,,A,1,D,2,D
20182,03907791,22,0,1,01,D,100,D,.0400,D,50000,D,10,D,525,D,,B,,B,,B,,B,19,D,364,D,365,D,366,D,142,D,141,D,140,D,,A,05,D,2016,D,1,D,,A,42631,D,42267,D,41902,D,01,D,,A,,A,,A,,A,,A,,A,1,D,2,D
20182,03908471,17,0,1,01,D,100,D,.0440,D,60000,D,10,D,619,D,,A,,A,,A,,A,0,D,,A,,A,,A,,A,,A,,A,,A,06,D,2012,D,2,D,,A,29254,D,28742,D,28229,D,01,D,,A,,A,3,D,579,D,579,D,579,D,1,D,2,D
20182,03908671,10,0,1,01,D,100,D,.0500,D,53743,D,15,D,425,D,,A,,A,,A,,A,0,D,421,D,423,D,,A,4,D,2,D,,A,,A,04,D,2003,D,1,D,,A,844,D,422,D,,A,01,D,,A,,A,,A,,A,,A,,A,1,D,2,D
20182,03909481,24,0,1,01,D,100,D,.0600,D,26121,D,10,D,290,D,,A,,A,,A,,A,0,D,165,D,166,D,167,D,125,D,124,D,123,D,,A,07,D,2017,D,1,D,,A,24988,D,24823,D,24657,D,01,D,,A,,A,,A,,A,,A,,A,1,D,2,D
20182,03910851,10,0,1,01,D,100,D,.0460,D,27372,D,10,D,285,D,,A,,A,,A,,A,0,D,204,D,205,D,206,D,81,D,80,D,79,D,,A,05,D,2015,D,1,D,,A,21050,D,20846,D,20641,D,01,D,,A,,A,,A,,A,,A,,A,1,D,2,D
20182,03912161,8,0,1,01,D,100,D,.0425,D,13667,D,10,D,140,D,,A,,A,,A,,A,0,D,95,D,95,D,96,D,45,D,45,D,44,D,,A,04,D,2017,D,1,D,,A,12736,D,12641,D,12546,D,01,D,,A,,A,,A,,A,,A,,A,1,D,2,D
20182,03912551,22,0,1,01,D,100,D,.0440,D,125000,D,10,D,1289,D,,A,,A,,A,,A,0,D,,A,,A,,A,,A,,A,,A,,A,04,D,2016,D,2,D,,A,105994,D,105093,D,104189,D,01,D,1,D,,A,,A,14750,T,2200,D,2850,T,1,D,2,D
20182,03923751,18,0,1,01,D,100,D,.0460,D,55000,D,15,D,895,D,,B,,B,,B,,B,471,D,243,D,244,D,245,D,181,D,180,D,179,D,,A,05,D,2015,D,1,D,,A,47275,D,47032,D,46788,D,01,D,,A,,A,,A,,A,,A,,A,1,D,2,D
20182,03925591,18,0,1,01,D,100,D,.0600,D,60000,D,12,D,600,D,,B,,B,,B,,B,14,D,513,D,515,D,518,D,73,D,71,D,68,D,,A,06,D,2008,D,1,D,,A,14676,D,14163,D,13648,D,01,D,,A,,A,,A,,A,,A,,A,1,D,2,D
20182,03925601,9,0,1,01,D,100,D,.0500,D,100000,D,5,D,1887,D,,A,,A,,A,,A,0,D,,A,,A,,A,,A,,A,,A,,A,10,D,2015,D,2,D,,A,54773,D,53114,D,51449,D,01,D,1,D,,A,,A,500,D,500,D,500,D,1,D,2,D
20182,03926511,24,0,1,01,D,100,D,.0440,D,50000,D,17,D,350,D,,B,,B,,B,,B,1,D,175,D,176,D,176,D,174,D,173,D,173,D,,A,12,D,2016,D,1,D,,A,47450,D,47275,D,47100,D,01,D,,A,,A,,A,,A,,A,,A,1,D,2,D
20182,03927421,14,0,1,01,D,100,D,.0420,D,35345,D,15,D,265,D,,A,,A,,A,,A,0,D,243,D,244,D,245,D,22,D,21,D,20,D,,A,04,D,2005,D,1,D,,A,6333,D,6090,D,5846,D,01,D,,A,,A,,A,,A,,A,,A,1,D,2,D
20182,03930151,31,0,1,01,D,100,D,.0530,D,30000,D,20,D,400,D,,B,,B,,B,,B,197,D,155,D,156,D,157,D,48,D,47,D,46,D,,A,04,D,2003,D,1,D,,A,10832,D,10677,D,10521,D,01,D,,A,,A,,A,,A,,A,,A,1,D,2,D
20182,03930821,64,0,1,01,D,100,D,.0550,D,50000,D,15,D,409,D,,A,,A,,A,,A,0,D,,A,,A,,A,,A,,A,,A,,A,09,D,2017,D,2,D,,A,48911,D,48727,D,48542,D,01,D,1,D,,A,,A,325,D,325,D,325,D,1,D,2,D
20182,03930831,16,0,1,01,D,100,D,.0440,D,60000,D,15,D,3363,T,3,D,4,D,,A,,A,2844,D,297,D,298,D,299,D,159,D,158,D,157,D,,A,12,D,2012,D,1,D,,A,43309,D,43012,D,42713,D,01,D,,A,,A,,A,,A,,A,,A,1,D,2,D
20182,03931661,12,0,1,01,D,100,D,.0709,D,11838,D,15,D,107,D,,A,,A,,A,,A,0,D,81,D,82,D,82,D,26,D,25,D,25,D,,A,02,D,2007,D,1,D,,A,4380,D,4299,D,4217,D,01,D,,A,,A,,A,,A,,A,,A,1,D,2,D
20183,03757474,19,0,5,01,D,100,D,.0440,D,25398,D,15,D,193,D,,A,,A,,A,,A,0,D,108,D,108,D,109,D,85,D,85,D,84,D,,A,07,D,2016,D,1,D,,A,23222,D,23114,D,23006,D,01,D,,A,,A,,A,,A,,A,,A,1,D,2,D
20183,03759084,21,0,5,01,D,100,D,.0450,F,36000,F,15,F,275,F,,C,,C,,C,,C,0,F,216,F,217,F,218,F,59,F,58,F,57,F,,A,09,F,2008,F,2,F,,A,15702,F,15486,F,15269,F,01,D,,C,,C,,C,0,F,0,F,0,F,,C,,A
20183,03759694,20,0,1,01,D,100,D,.0492,D,93976,D,5,D,1770,D,,A,,A,,A,,A,0,D,1197,T,1202,T,1211,T,99,D,92,D,85,D,,A,06,D,2014,D,1,D,,A,24034,D,22363,D,20685,D,01,D,,A,,A,,A,,A,,A,,A,1,D,2,D
20183,03760194,50,0,5,01,D,100,D,.0475,D,139345,D,10,D,1461,D,,A,,A,,A,,A,0,D,931,D,935,D,939,D,530,D,526,D,522,D,,A,10,D,2017,D,1,D,,A,133834,D,132903,D,131968,D,01,D,,A,,A,,A,,A,,A,,A,1,D,2,D
20183,03761464,27,0,5,01,D,100,D,.0450,D,49633,D,20,D,314,D,,A,,A,,A,,A,0,D,178,D,178,D,179,D,136,D,136,D,135,D,,A,12,D,2010,D,1,D,,A,36330,D,36152,D,35974,D,01,D,,A,,A,,A,,A,,A,,A,1,D,2,D
20183,03762934,15,0,1,01,D,100,D,.0440,F,60000,F,10,F,619,F,,A,,A,,A,,A,0,F,484,F,486,F,487,F,95,F,93,F,92,F,,A,06,F,2012,F,2,F,,A,27713,F,27196,F,26677,F,01,D,,C,,C,,C,579,F,579,F,579,F,1,D,2,D
20183,03763144,30,0,5,01,D,100,D,.0475,D,100000,D,10,D,1200,D,,B,,B,,B,,B,152,D,681,D,684,D,687,D,367,D,364,D,361,D,,A,05,D,2017,D,1,D,,A,92682,D,92001,D,91318,D,01,D,,A,,A,,A,,A,,A,,A,1,D,2,D
20183,03764534,24,0,5,01,D,100,D,.0475,D,13000,D,3,D,400,D,,B,,B,,B,,B,12,D,339,D,341,D,342,D,49,D,47,D,46,D,,A,02,D,2018,D,1,D,,A,12326,D,11986,D,11646,D,01,D,,A,,A,,A,,A,,A,,A,1,D,2,D
20183,03764954,16,0,5,01,D,100,D,.0579,D,16000,D,10,D,176,D,3,D,4,D,5,D,,A,0,D,912,D,103,D,103,D,68,D,7,D,7,D,,A,07,D,2009,D,2,D,,A,2540,D,2376,D,2212,D,01,D,,A,2,D,,A,980,D,980,D,110,D,1,D,2,D
20183,03765264,20,0,5,01,D,100,D,.0716,D,22031,D,15,D,200,D,,A,,A,,A,,A,0,D,158,D,159,D,160,D,42,D,41,D,40,D,,A,08,D,2006,D,1,D,,A,7097,D,6940,D,6781,D,01,D,,A,,A,,A,,A,,A,,A,1,D,2,D
20183,03765634,21,0,5,01,D,100,D,.0818,F,40000,F,20,F,350,F,3,F,,A,,A,,A,11,F,319,F,321,F,323,F,20,F,18,F,16,F,,A,03,F,1999,F,1,F,,A,2990,F,2671,F,2350,F,01,D,,C,,C,,C,,A,,A,,A,1,D,2,D
20183,03777484,40,0,5,01,D,100,D,.0549,D,20000,D,15,D,511,D,,B,,B,,B,,B,348,D,153,D,153,D,154,D,10,D,10,D,9,D,,A,07,D,2004,D,1,D,,A,2287,D,2134,D,1981,D,01,D,,A,,A,,A,,A,,A,,A,1,D,2,D
20183,03778264,23,0,5,01,D,100,D,.0450,D,36000,D,15,D,275,D,,C,,C,,C,,C,0,D,216,D,217,D,218,D,59,D,58,D,57,D,,A,09,D,2008,D,2,D,,A,15702,D,15486,D,15269,D,01,D,1,D,,A,,A,0,D,0,D,0,D,,C,,A
20183,03778854,60,0,5,01,D,100,D,.0500,D,11000,D,20,D,73,D,,A,,A,,A,,A,0,D,,A,,A,,A,,A,,A,,A,,A,07,D,2018,D,2,D,072018,D,11053,D,11027,D,11000,D,01,D,,A,,A,3,D,225,D,228,D,1687,D,1,D,2,D
20183,03778854,93,0,5,01,D,100,D,.0400,D,10000,D,10,D,101,D,,A,,A,,A,,A,0,D,,A,,A,,A,,A,,A,,A,072018,D,07,D,2017,D,2,D,,A,9311,D,9240,D,9170,D,01,D,,A,,A,3,D,244,D,233,D,231,D,1,D,2,D
20183,03778944,37,0,5,01,D,100,D,.0475,F,100000,F,10,F,1200,F,,B,,B,,B,,B,152,F,681,F,684,F,687,F,367,F,364,F,361,F,,A,05,F,2017,F,1,F,,A,92682,F,92001,F,91318,F,01,D,,A,,A,,A,,A,,A,,A,1,D,2,D
20183,03779024,17,0,5,01,D,100,D,.0580,D,33000,D,20,D,249,D,,B,,B,,B,,B,16,D,142,D,142,D,143,D,91,D,91,D,90,D,,A,01,D,2007,D,1,D,,A,18909,D,18768,D,18626,D,01,D,,A,,A,,A,,A,,A,,A,1,D,2,D
20183,03781854,15,0,5,01,D,100,D,.0450,F,36000,F,15,F,275,F,,C,,C,,C,,C,0,F,216,F,217,F,218,F,59,F,58,F,57,F,,A,09,F,2008,F,2,F,,A,15702,F,15486,F,15269,F,01,D,,C,,C,,C,0,F,0,F,0,F,,C,,A
20183,03786794,15,0,5,01,D,100,D,.0450,F,36000,F,15,F,275,F,,C,,C,,C,,C,0,F,216,F,217,F,218,F,59,F,58,F,57,F,,A,09,F,2008,F,2,F,,A,15702,F,15486,F,15269,F,01,D,,A,,A,,A,0,F,0,F,0,F,,C,,A
20183,03798274,22,0,5,01,D,100,D,.0410,D,50000,D,15,D,400,D,,B,,B,,B,,B,28,D,221,D,222,D,223,D,151,D,150,D,149,D,,A,02,D,2016,D,1,D,,A,44100,D,43878,D,43656,D,01,D,,A,,A,,A,,A,,A,,A,1,D,2,D
20183,03799984,19,0,5,01,D,100,D,.0480,D,30000,D,15,D,250,D,,B,,B,,B,,B,16,D,0,D,0,D,0,D,234,D,234,D,234,D,,A,04,D,2014,D,1,D,,A,30000,D,30000,D,30000,D,01,D,,A,,A,,A,,A,,A,,A,,A,2,D
20183,03801074,12,0,5,01,D,100,D,.0544,D,49146,D,15,D,400,D,3,D,4,D,,A,,A,0,D,271,D,272,D,274,D,129,D,128,D,126,D,,A,08,D,2010,D,1,D,,A,28434,D,28163,D,27891,D,01,D,,A,,A,,A,,A,,A,,A,1,D,2,D
20183,03805404,26,0,5,01,D,100,D,.0579,D,12000,D,15,D,500,D,3,D,,A,,A,,A,400,D,73,D,73,D,73,D,27,D,27,D,27,D,,A,01,D,2009,D,1,D,,A,5694,D,5621,D,5548,D,01,D,,A,,A,,A,,A,,A,,A,,A,,A
20183,03806014,15,0,5,01,D,100,D,.0400,F,85000,F,15,F,629,F,,A,,A,,A,,A,0,F,0,F,0,F,0,F,3000,F,3000,F,3000,F,,A,08,F,2012,F,2,F,,A,85000,F,85000,F,85000,F,01,D,1,D,,A,,A,3000,F,7800,V,2850,V,,A,2,D
20183,03820513,27,0,5,01,D,100,D,.0400,D,20000,D,5,D,400,D,,B,,B,,B,,B,32,D,322,D,323,D,324,D,46,D,45,D,44,D,,A,08,D,2016,D,1,D,,A,13779,D,13457,D,13133,D,01,D,,A,,A,,A,,A,,A,,A,1,D,2,D
20183,03821983,13,0,5,01,D,100,D,.0716,D,11016,D,15,D,100,D,,A,,A,,A,,A,0,D,0,D,0,D,0,D,75,D,75,D,75,D,,A,08,D,2006,D,1,D,,A,11016,D,11016,D,11016,D,01,D,,A,,A,,A,,A,,A,,A,,A,2,D
20183,03822593,10,0,5,01,D,100,D,.0400,D,95000,D,5,D,1750,D,,A,,A,,A,,A,0,D,254,D,255,D,256,D,46,D,45,D,44,D,,A,06,D,2017,D,2,D,,A,80454,D,78973,D,77486,D,01,D,1,D,,A,,A,300,D,300,D,300,D,1,D,2,D
20183,03824543,22,0,5,01,D,100,D,.0525,D,36500,D,10,D,392,D,,A,,A,,A,,A,0,D,,A,,A,,A,,A,,A,,A,,A,06,D,2013,D,2,D,,A,21225,D,20927,D,20627,D,01,D,1,D,,A,,A,,C,,C,,C,1,D,2,D
20183,03828923,26,0,5,01,D,100,D,.0475,D,15000,D,15,D,300,D,,B,,B,,B,,B,183,D,58,D,59,D,59,D,50,D,49,D,49,D,,A,01,D,2018,D,1,D,,A,14826,D,14768,D,14710,D,01,D,,A,,A,,A,,A,,A,,A,1,D,2,D
20183,03839753,13,0,1,01,D,100,D,.0475,D,5000,D,15,D,160,D,,B,,B,,B,,B,121,D,20,D,20,D,20,D,19,D,19,D,19,D,,A,09,D,2017,D,1,D,,A,4844,D,4824,D,4804,D,01,D,,A,,A,,A,,A,,A,,A,1,D,2,D
20183,03840223,18,0,5,01,D,100,D,.0475,D,40000,D,20,D,400,D,,B,,B,,B,,B,142,D,106,D,107,D,107,D,152,D,151,D,151,D,,A,01,D,2017,D,1,D,,A,38357,D,38251,D,38144,D,01,D,,A,,A,,A,,A,,A,,A,1,D,2,D
20183,03842143,20,0,5,01,D,100,D,.0540,F,54000,F,15,F,534,F,,B,,B,,B,,B,96,F,428,F,430,F,432,F,10,F,8,F,6,F,,A,10,F,2003,F,1,F,,A,2259,F,1831,F,1402,F,01,D,,A,,A,,A,,A,,A,,A,1,D,2,D
20183,03845733,36,0,5,01,D,100,D,.0400,D,67000,D,10,D,687,D,,B,,B,,B,,B,9,D,586,D,587,D,589,D,92,D,91,D,89,D,,A,01,D,2012,D,1,D,,A,27748,D,27163,D,26575,D,01,D,,A,,A,,A,,A,,A,,A,1,D,2,D
20183,03847773,25,0,5,01,D,100,D,.0475,D,2000,D,10,D,1900,D,3,D,4,D,,A,,A,1879,D,16,D,16,D,16,D,5,D,5,D,5,D,,A,01,D,2014,D,1,D,,A,1246,D,1230,D,1214,D,01,D,,A,,A,,A,,A,,A,,A,1,D,2,D
20183,03849543,21,0,5,01,D,100,D,.0709,F,11838,F,15,F,107,F,,A,,A,,A,,A,0,F,83,F,83,F,84,F,24,F,24,F,23,F,,A,02,F,2007,F,1,F,,A,4135,F,4052,F,3969,F,01,D,,A,,A,,A,,A,,A,,A,1,D,2,D
20183,03850083,41,0,5,01,D,100,D,.0473,D,40218,D,5,D,754,D,,A,,A,,A,,A,0,D,739,D,742,D,745,D,15,D,12,D,9,D,,A,10,D,2013,D,1,D,,A,3726,D,2986,D,2244,D,01,D,,A,,A,,A,,A,,A,,A,1,D,2,D
20183,03852113,26,0,5,01,D,100,D,.0500,D,5000,D,5,D,94,D,,A,,A,,A,,A,0,D,1197,T,1202,T,1211,T,193,D,188,D,184,D,,A,09,D,2016,D,2,D,,A,3390,D,3310,D,3229,D,01,D,1,D,,A,,A,1287,D,1287,D,1287,D,1,D,2,D
20183,03852223,12,0,5,01,D,100,D,.0500,D,5657,D,10,D,60,D,,A,,A,,A,,A,0,D,0,D,0,D,0,D,60,D,60,D,60,D,,A,06,D,2014,D,1,D,,A,5657,D,5657,D,5657,D,01,D,,A,,A,,A,,A,,A,,A,,A,2,D
20183,03853053,17,0,5,01,D,100,D,.0550,F,50000,F,15,F,409,F,,A,,A,,A,,A,0,F,229,F,230,F,231,F,271,F,270,F,269,F,,A,09,F,2017,F,2,F,,A,48356,F,48169,F,47981,F,01,D,1,D,,A,,A,350,F,350,F,500,F,1,D,2,D
20183,03853453,20,0,5,01,D,100,D,.0450,D,26144,D,15,D,200,D,,A,,A,,A,,A,0,D,110,D,110,D,111,D,90,D,90,D,89,D,,A,10,D,2016,D,1,D,,A,24030,D,23921,D,23810,D,01,D,,A,,A,,A,,A,,A,,A,1,D,2,D
20183,03854533,13,0,5,01,D,100,D,.0400,D,85000,D,15,D,629,D,,A,,A,,A,,A,0,D,0,D,0,D,0,D,3000,D,3000,D,3000,D,,A,08,D,2012,D,2,D,,A,85000,D,85000,D,85000,D,01,D,,A,2,D,,A,3000,D,7800,T,2850,T,,A,2,D
20183,03854993,17,0,5,01,D,100,D,.0415,D,22558,D,10,D,230,D,,A,,A,,A,,A,0,D,156,D,157,D,157,D,74,D,73,D,73,D,,A,10,D,2017,D,1,D,,A,21327,D,21171,D,21014,D,01,D,,A,,A,,A,,A,,A,,A,1,D,2,D
20183,03857103,39,0,5,01,D,100,D,.0650,D,77000,D,15,D,929,D,,B,,B,,B,,B,258,D,322,D,324,D,326,D,349,D,347,D,345,D,,A,10,D,2014,D,1,D,,A,64422,D,64100,D,63776,D,01,D,,A,,A,,A,,A,,A,,A,1,D,2,D
20183,03857153,22,0,5,01,D,100,D,.0475,F,100000,F,10,F,1200,F,,B,,B,,B,,B,152,F,681,F,684,F,687,F,367,F,364,F,361,F,,A,05,F,2017,F,1,F,,A,92682,F,92001,F,91318,F,01,D,1,D,,A,,A,,A,,A,,A,1,D,2,D
20183,03857713,10,0,5,01,D,100,D,.0440,D,166096,D,13,D,1400,D,,A,,A,,A,,A,0,D,851,D,854,D,857,D,549,D,546,D,543,D,,A,10,D,2016,D,1,D,,A,148487,T,147606,T,146722,T,01,D,,A,,A,,A,,A,,A,,A,1,D,2,D
20183,03892252,24,0,5,01,D,100,D,.0600,D,30000,D,14,D,267,D,,B,,B,,B,,B,3,D,243,D,245,D,246,D,21,D,19,D,18,D,,A,08,D,2005,D,1,D,,A,4140,D,3896,D,3652,D,01,D,,A,,A,,A,,A,,A,,A,1,D,2,D
20183,03892342,23,0,5,01,D,100,D,.0450,D,100000,D,10,D,1036,D,,A,,A,,A,,A,0,D,,A,,A,,A,,A,,A,,A,,A,05,D,2011,D,2,D,,A,35742,D,34840,D,33934,D,01,D,1,D,,A,,A,,A,,A,,A,1,D,2,D
20183,03893052,24,0,5,01,D,100,D,.0460,D,25000,D,15,D,225,D,,B,,B,,B,,B,32,D,112,D,113,D,113,D,81,D,80,D,80,D,,A,02,D,2015,D,1,D,,A,21033,D,20921,D,20808,D,01,D,,A,,A,,A,,A,,A,,A,1,D,2,D
20183,03897532,15,0,1,01,D,100,D,.0750,D,50000,D,20,D,450,D,,B,,B,,B,,B,47,D,247,D,248,D,250,D,156,D,155,D,153,D,,A,11,D,2004,D,1,D,,A,24996,D,24750,D,24501,D,01,D,,A,,A,,A,,A,,A,,A,1,D,2,D
20183,03901452,12,0,1,01,D,100,D,.0670,D,67732,D,20,D,513,D,,A,,A,,A,,A,0,D,437,D,439,D,441,D,76,D,74,D,72,D,,A,09,D,2000,D,1,D,,A,13699,D,13263,D,12824,D,01,D,,A,,A,,A,,A,,A,,A,1,D,2,D
20183,03901452,13,0,1,01,D,100,D,.0714,D,30331,D,15,D,275,D,,A,,A,,A,,A,0,D,190,D,191,D,193,D,85,D,84,D,82,D,,A,06,D,2008,D,1,D,,A,14224,D,14034,D,13843,D,02,D,,A,,A,,A,,A,,A,,A,1,D,2,D
20183,03903792,12,0,5,01,D,100,D,.0500,F,5000,F,5,F,94,F,,A,,A,,A,,A,0,F,1197,V,1202,V,1211,V,193,F,188,F,184,F,,A,09,F,2016,F,2,F,,A,3390,F,3310,F,3229,F,01,D,1,D,,A,,A,1287,F,1287,F,1287,F,1,D,2,D
20183,03905132,27,0,1,01,D,100,D,.0440,F,166096,F,13,F,1400,F,,A,,A,,A,,A,0,F,851,F,854,F,857,F,549,F,546,F,543,F,,A,10,F,2016,F,1,F,,A,148487,V,147606,V,146722,V,01,D,,A,,A,,A,,A,,A,,A,1,D,2,D
20183,03905792,23,0,5,01,D,100,D,.0450,D,115787,D,10,D,1200,D,,A,,A,,A,,A,0,D,,A,766,D,769,D,,A,434,D,431,D,,A,06,D,2018,D,1,D,,A,,A,115787,D,115021,D,01,D,,A,,A,,A,,A,,A,,A,1,D,2,D
20183,03906172,20,0,5,01,D,100,D,.0474,D,80000,D,10,D,838,D,,A,,A,,A,,A,0,D,812,D,815,D,819,D,310,D,308,D,305,D,,A,08,D,2016,D,2,D,,A,68585,D,68018,D,67448,D,01,D,,A,2,D,,A,1200,D,1200,D,1200,D,1,D,2,D
20183,03906632,24,0,5,01,D,100,D,.0500,D,8000,D,8,D,180,D,,B,,B,,B,,B,79,D,89,D,90,D,90,D,12,D,11,D,11,D,,A,10,D,2012,D,1,D,,A,2783,D,2693,D,2604,D,01,D,,A,,A,,A,,A,,A,,A,1,D,2,D
20183,03908472,25,0,5,01,D,100,D,.0440,D,60000,D,10,D,619,D,,A,,A,,A,,A,0,D,484,D,486,D,487,D,95,D,93,D,92,D,,A,06,D,2012,D,2,D,,A,27713,D,27196,D,26677,D,01,D,,A,,A,3,D,579,D,579,D,579,D,1,D,2,D
20183,03909482,31,0,5,01,D,100,D,.0600,D,26121,D,10,D,290,D,,A,,A,,A,,A,0,D,168,D,168,D,169,D,122,D,122,D,121,D,,A,07,D,2017,D,1,D,,A,24491,D,24323,D,24155,D,01,D,,A,,A,,A,,A,,A,,A,1,D,2,D
20183,03912552,26,0,5,01,D,100,D,.0440,D,125000,D,10,D,1289,D,,A,,A,,A,,A,0,D,546,D,548,D,550,D,227,D,225,D,223,D,,A,04,D,2016,D,2,D,,A,103281,D,102371,D,101456,D,01,D,1,D,,A,,A,775,D,566,D,773,D,1,D,2,D
20183,03923752,23,0,5,01,D,100,D,.0460,D,55000,D,15,D,895,D,,B,,B,,B,,B,471,D,246,D,247,D,247,D,178,D,177,D,177,D,,A,05,D,2015,D,1,D,,A,46543,D,46298,D,46051,D,01,D,,A,,A,,A,,A,,A,,A,1,D,2,D
20183,03926512,24,0,5,01,D,100,D,.0440,D,50000,D,17,D,350,D,,B,,B,,B,,B,1,D,177,D,178,D,178,D,172,D,171,D,171,D,,A,12,D,2016,D,1,D,,A,46923,D,46746,D,46569,D,01,D,,A,,A,,A,,A,,A,,A,1,D,2,D
20183,03927422,18,0,5,01,D,100,D,.0420,D,35345,D,15,D,265,D,,A,,A,,A,,A,0,D,141,D,142,D,142,D,124,D,123,D,123,D,,A,06,D,2018,D,1,D,,A,35345,D,35204,D,35062,D,01,D,,A,,A,,A,,A,,A,,A,1,D,2,D
20183,03930152,31,0,5,01,D,100,D,.0530,D,30000,D,20,D,400,D,,B,,B,,B,,B,197,D,157,D,158,D,159,D,46,D,45,D,44,D,,A,04,D,2003,D,1,D,,A,10364,D,10207,D,10049,D,01,D,,A,,A,,A,,A,,A,,A,1,D,2,D
20183,03930822,57,0,5,01,D,100,D,.0550,D,50000,D,15,D,409,D,,A,,A,,A,,A,0,D,229,D,230,D,231,D,271,D,270,D,269,D,,A,09,D,2017,D,2,D,,A,48356,D,48169,D,47981,D,01,D,1,D,,A,,A,350,D,350,D,500,D,1,D,2,D
20183,03931662,17,0,5,01,D,100,D,.0709,D,11838,D,15,D,107,D,,A,,A,,A,,A,0,D,83,D,83,D,84,D,24,D,24,D,23,D,,A,02,D,2007,D,1,D,,A,4135,D,4052,D,3969,D,01,D,,A,,A,,A,,A,,A,,A,1,D,2,D
20183,03947141,23,0,1,01,D,100,D,.0475,D,30000,D,5,D,640,D,,B,,B,,B,,B,77,D,466,D,468,D,470,D,97,D,95,D,93,D,,A,04,D,2017,D,1,D,,A,24551,D,24086,D,23618,D,01,D,,A,,A,,A,,A,,A,,A,1,D,2,D
20183,03947741,7,0,1,01,D,100,D,.0440,D,30000,D,15,D,515,D,,B,,B,,B,,B,287,D,127,D,128,D,128,D,101,D,100,D,100,D,,A,07,D,2016,D,1,D,,A,27429,D,27302,D,27174,D,01,D,,A,,A,,A,,A,,A,,A,1,D,2,D
20183,03951051,11,0,1,01,D,100,D,.0400,D,8500,D,6,D,220,D,,B,,B,,B,,B,87,D,116,D,116,D,116,D,17,D,17,D,17,D,,A,10,D,2015,D,1,D,,A,5203,D,5088,D,4972,D,01,D,,A,,A,,A,,A,,A,,A,1,D,2,D
20183,03952321,21,0,1,01,D,100,D,.0492,D,50000,D,15,D,568,D,,B,,B,,B,,B,175,D,230,D,231,D,232,D,163,D,162,D,161,D,,A,03,D,2014,D,1,D,,A,39820,D,39591,D,39360,D,01,D,,A,,A,,A,,A,,A,,A,1,D,2,D
20183,03953361,11,0,1,01,D,100,D,.0440,F,166096,F,13,F,1400,F,,A,,A,,A,,A,0,F,851,F,854,F,857,F,549,F,546,F,543,F,,A,10,F,2016,F,1,F,,A,148487,V,147606,V,146722,V,01,D,,A,,A,,A,,A,,A,,A,1,D,2,D
20183,03965101,13,0,1,01,D,100,D,.0495,D,127000,D,10,D,1344,D,,A,,A,,A,,A,0,D,,A,,A,,A,,A,,A,,A,,A,11,D,2008,D,2,D,,A,7948,D,6637,D,5321,D,01,D,1,D,,A,,A,1500,D,1500,D,1500,D,1,D,2,D
20183,03965671,46,0,1,01,D,100,D,.0450,D,150000,D,15,D,1147,D,,A,,A,,A,6,D,0,D,1197,T,1202,T,1211,T,22,D,18,D,13,D,,A,10,D,2003,D,2,D,,A,5794,D,4669,D,3540,D,01,D,1,D,,A,,A,485,D,485,D,485,D,,A,,A
20183,03966131,23,0,1,01,D,100,D,.0475,D,33389,D,7,D,468,D,,A,,A,,A,,A,0,D,344,D,345,D,347,D,124,D,123,D,121,D,,A,11,D,2017,D,1,D,,A,31354,D,31010,D,30665,D,01,D,,A,,A,,A,,A,,A,,A,1,D,2,D
20183,03967051,14,0,1,01,D,100,D,.0544,F,49146,F,15,F,400,F,3,F,4,F,,A,,A,0,F,271,F,272,F,274,F,129,F,128,F,126,F,,A,08,F,2010,F,1,F,,A,28434,F,28163,F,27891,F,01,D,,A,,A,,A,,A,,A,,A,1,D,2,D
20183,03968931,13,0,1,01,D,100,D,.0475,F,15000,F,15,F,300,F,,B,,B,,B,,B,183,F,58,F,59,F,59,F,50,F,49,F,49,F,,A,01,F,2018,F,1,F,,A,14826,F,14768,F,14710,F,01,D,,A,,A,,A,,A,,A,,A,1,D,2,D
20183,03970801,18,0,1,01,D,100,D,.0716,F,40000,F,13,F,400,F,,B,,B,,B,,B,5,F,368,F,370,F,373,F,27,F,25,F,22,F,,A,06,F,2006,F,1,F,,A,4491,F,4123,F,3752,F,01,D,,A,,A,,A,,A,,A,,A,1,D,2,D
20183,03970881,26,0,1,01,D,100,D,.0540,D,54000,D,15,D,534,D,,B,,B,,B,,B,96,D,428,D,430,D,432,D,10,D,8,D,6,D,,A,10,D,2003,D,1,D,,A,2259,D,1831,D,1402,D,01,D,,A,,A,,A,,A,,A,,A,1,D,2,D
20183,03971941,15,0,1,01,D,100,D,.0440,F,60000,F,10,F,619,F,,A,,A,,A,,A,0,F,484,F,486,F,487,F,95,F,93,F,92,F,,A,06,F,2012,F,2,F,,A,27713,F,27196,F,26677,F,01,D,1,D,,A,,A,579,F,579,F,579,F,1,D,2,D
20183,03974101,21,0,1,01,D,100,D,.0595,D,27000,D,10,D,356,D,,B,,B,,B,,B,57,D,197,D,198,D,199,D,102,D,101,D,100,D,,A,05,D,2015,D,1,D,,A,20509,D,20312,D,20114,D,01,D,,A,,A,,A,,A,,A,,A,1,D,2,D
20183,03974271,13,0,1,01,D,100,D,.0440,F,125000,F,10,F,1289,F,,A,,A,,A,,A,0,F,546,F,548,F,550,F,227,F,225,F,223,F,,A,04,F,2016,F,2,F,,A,103281,F,102371,F,101456,F,01,D,,A,,A,,A,775,F,566,F,773,F,1,D,2,D
20183,03990401,9,0,1,01,D,100,D,.0818,D,40000,D,20,D,350,D,3,D,,A,,A,,A,11,D,319,D,321,D,323,D,20,D,18,D,16,D,,A,03,D,1999,D,1,D,,A,2990,D,2671,D,2350,D,01,D,,A,,A,,A,,A,,A,,A,1,D,2,D
20183,03990471,14,0,1,01,D,100,D,.0716,D,40000,D,13,D,400,D,,B,,B,,B,,B,5,D,368,D,370,D,373,D,27,D,25,D,22,D,,A,06,D,2006,D,1,D,,A,4491,D,4123,D,3752,D,01,D,,A,,A,,A,,A,,A,,A,1,D,2,D
20183,03991761,13,0,1,01,D,100,D,.0440,D,71740,D,20,D,450,D,,A,,A,,A,,A,0,D,201,D,202,D,203,D,249,D,248,D,247,D,,A,10,D,2016,D,1,D,,A,67868,D,67667,D,67465,D,01,D,,A,,A,,A,,A,,A,,A,1,D,2,D
20183,03995741,21,0,1,01,D,100,D,.0716,F,40000,F,13,F,400,F,,B,,B,,B,,B,5,F,368,F,370,F,373,F,27,F,25,F,22,F,,A,06,F,2006,F,1,F,,A,4491,F,4123,F,3752,F,01,D,1,D,,A,,A,,A,,A,,A,1,D,2,D
20183,03996321,12,0,1,01,D,100,D,.0450,F,36000,F,15,F,275,F,,C,,C,,C,,C,0,F,216,F,217,F,218,F,59,F,58,F,57,F,,A,09,F,2008,F,2,F,,A,15702,F,15486,F,15269,F,01,D,,A,,A,,A,0,F,0,F,0,F,,C,,A
20184,03820514,25,0,5,01,D,100,D,.0400,D,20000,D,5,D,400,D,,B,,B,,B,,B,32,D,325,D,326,D,327,D,43,D,42,D,41,D,,A,08,D,2016,D,1,D,,A,12809,D,12484,D,12157,D,01,D,,A,,A,,A,,A,,A,,A,1,D,2,D
20184,03821984,13,0,5,01,D,100,D,.0716,F,40000,F,13,F,400,F,,B,,B,,B,,B,5,F,382,F,384,F,386,F,13,F,11,F,9,F,,A,03,F,2006,F,1,F,,A,2248,F,1867,F,1483,F,01,D,,A,,A,,A,,A,,A,,A,1,D,2,D
20184,03822594,9,0,5,01,D,100,D,.0400,D,95000,D,5,D,1750,D,,A,,A,,A,,A,0,D,86,D,86,D,86,D,14,D,14,D,14,D,,A,06,D,2017,D,2,D,,A,75995,D,74499,D,72998,D,01,D,1,D,,A,,A,100,D,100,D,100,D,1,D,2,D
20184,03824544,28,0,5,01,D,100,D,.0525,D,36500,D,10,D,392,D,,A,,A,,A,,A,0,D,0,D,0,D,0,D,0,D,0,D,0,D,,A,06,D,2013,D,2,D,,A,20325,D,20022,D,19718,D,01,D,1,D,,A,,A,0,D,0,D,0,D,1,D,2,D
20184,03825024,27,0,5,01,D,100,D,.0595,D,10000,D,7,D,146,D,,A,,A,,A,,A,0,D,96,D,97,D,97,D,50,D,49,D,49,D,,A,07,D,2018,D,1,D,,A,10000,D,9904,D,9807,D,01,D,,A,,A,,A,,A,,A,,A,1,D,2,D
20184,03828924,31,0,5,01,D,100,D,.0475,D,15000,D,15,D,300,D,,B,,B,,B,,B,183,D,59,D,59,D,59,D,44,D,44,D,44,D,,A,01,D,2018,D,1,D,,A,14651,D,14592,D,14533,D,01,D,,A,,A,,A,,A,,A,,A,1,D,2,D
20184,03840224,12,0,5,01,D,100,D,.0475,D,40000,D,20,D,400,D,,B,,B,,B,,B,142,D,107,D,108,D,108,D,151,D,150,D,150,D,,A,01,D,2017,D,1,D,,A,38037,D,37930,D,37822,D,01,D,,A,,A,,A,,A,,A,,A,1,D,2,D
20184,03842144,19,0,5,01,D,100,D,.0460,F,55000,F,15,F,895,F,,B,,B,,B,,B,471,F,248,F,249,F,250,F,176,F,175,F,174,F,,A,05,F,2015,F,1,F,,A,45804,F,45555,F,45306,F,01,D,,A,,A,,A,,A,,A,,A,1,D,2,D
20184,03845734,29,0,5,01,D,100,D,.0400,D,67000,D,10,D,687,D,,B,,B,,B,,B,9,D,591,D,593,D,595,D,87,D,85,D,83,D,,A,01,D,2012,D,1,D,,A,25986,D,25394,D,24801,D,01,D,,A,,A,,A,,A,,A,,A,1,D,2,D
20184,03847774,26,0,5,01,D,100,D,.0475,D,2000,D,10,D,1900,D,3,D,4,D,,A,,A,1879,D,16,D,16,D,16,D,5,D,5,D,5,D,,A,01,D,2014,D,1,D,,A,1198,D,1182,D,1165,D,01,D,,A,,A,,A,,A,,A,,A,1,D,2,D
20184,03849544,16,0,5,01,D,100,D,.1000,F,50000,F,15,F,750,F,,B,,B,,B,,B,213,F,265,F,267,F,269,F,272,F,270,F,268,F,,A,09,F,2010,F,1,F,,A,32674,F,32410,F,32143,F,01,D,,A,,A,,A,,A,,A,,A,1,D,2,D
20184,03850084,25,0,5,01,D,100,D,.0473,D,40218,D,5,D,754,D,,A,,A,,A,,A,0,D,748,D,751,D,,A,6,D,3,D,,A,,A,10,D,2013,D,1,D,,A,1499,D,751,D,,A,01,D,,A,,A,,A,,A,,A,,A,1,D,2,D
20184,03851564,21,0,5,01,D,100,D,.0475,D,226250,T,5,D,3363,T,,B,,B,,B,,B,1187,D,,A,,A,,A,,A,,A,,A,,A,12,D,2018,D,1,D,122018,D,,A,,A,,A,01,D,,A,,A,,A,,A,,A,,A,1,D,2,D
20184,03852094,15,0,5,01,D,100,D,.0600,D,217,D,10,D,2,D,,C,,C,,C,,C,0,D,1,D,1,D,1,D,1,D,1,D,1,D,,A,04,D,2018,D,2,D,,A,212,D,211,D,210,D,01,D,,A,2,D,,A,213,D,213,D,213,D,,C,,A
20184,03852114,39,0,5,01,D,100,D,.0500,D,5000,D,5,D,94,D,,A,,A,,A,,A,0,D,1197,T,1202,T,1211,T,179,D,174,D,170,D,,A,09,D,2016,D,2,D,,A,3148,D,3067,D,2985,D,01,D,1,D,,A,,A,1287,D,1287,D,1287,D,1,D,2,D
20184,03852224,12,0,5,01,D,100,D,.0500,D,3179,D,5,D,60,D,,A,,A,,A,,A,0,D,0,D,0,D,0,D,60,D,60,D,60,D,,A,06,D,2014,D,1,D,,A,3179,D,3179,D,3179,D,01,D,,A,,A,,A,,A,,A,,A,,A,2,D
20184,03853054,18,0,5,01,D,100,D,.0440,F,50000,F,17,F,350,F,,B,,B,,B,,B,1,F,179,F,180,F,180,F,170,F,169,F,169,F,,A,12,F,2016,F,1,F,,A,46390,F,46212,F,46032,F,01,D,1,D,,A,,A,,A,,A,,A,1,D,2,D
20184,03853454,27,0,5,01,D,100,D,.0450,D,26144,D,15,D,200,D,,A,,A,,A,,A,0,D,139,D,140,D,140,D,61,D,60,D,60,D,,A,10,D,2011,D,1,D,,A,16238,D,16099,D,15959,D,01,D,,A,,A,,A,,A,,A,,A,1,D,2,D
20184,03854534,14,0,5,01,D,100,D,.0400,D,85000,D,15,D,629,D,,A,,A,,A,,A,0,D,0,D,0,D,0,D,3200,D,3200,D,3200,D,,A,08,D,2012,D,2,D,,A,85000,D,85000,D,85000,D,01,D,,A,2,D,,A,3200,D,7800,T,2850,T,,A,2,D
20184,03857104,30,0,5,01,D,100,D,.0650,D,77000,D,15,D,929,D,,B,,B,,B,,B,258,D,556,D,559,D,562,D,115,D,112,D,109,D,,A,08,D,2006,D,1,D,,A,21278,D,20723,D,20164,D,01,D,,A,,A,,A,,A,,A,,A,1,D,2,D
20184,03857154,21,0,5,01,D,100,D,.0400,F,95000,F,5,F,1750,F,,A,,A,,A,,A,0,F,86,F,86,F,86,F,14,F,14,F,14,F,,A,06,F,2017,F,2,F,,A,75995,F,74499,F,72998,F,01,D,1,D,,A,,A,100,F,100,F,100,F,1,D,2,D
20184,03857714,10,0,5,01,D,100,D,.0440,D,166096,D,13,D,1400,D,,A,,A,,A,,A,0,D,860,D,864,D,867,D,540,D,536,D,533,D,,A,10,D,2016,D,1,D,,A,148487,T,147606,T,146722,T,01,D,,A,,A,,A,,A,,A,,A,1,D,2,D
20184,03860504,35,0,5,01,D,100,D,.0537,D,140000,D,10,D,1267,D,,A,,A,,A,,A,,B,,A,,A,,A,,A,,A,,A,,A,01,D,2019,D,1,D,,A,,A,,A,,A,01,D,,A,,A,,A,,A,,A,,A,1,D,2,D
20184,03892253,16,0,5,01,D,100,D,.0600,D,30000,D,14,D,267,D,,B,,B,,B,,B,3,D,247,D,248,D,249,D,17,D,16,D,15,D,,A,08,D,2005,D,1,D,,A,3406,D,3159,D,2911,D,01,D,,A,,A,,A,,A,,A,,A,1,D,2,D
20184,03893053,29,0,5,01,D,100,D,.0460,D,25000,D,15,D,225,D,,B,,B,,B,,B,32,D,114,D,114,D,115,D,79,D,79,D,78,D,,A,02,D,2015,D,1,D,,A,20695,D,20581,D,20467,D,01,D,,A,,A,,A,,A,,A,,A,1,D,2,D
20184,03901453,17,0,5,01,D,100,D,.0670,D,67732,D,20,D,513,D,,A,,A,,A,,A,0,D,437,D,439,D,441,D,76,D,74,D,72,D,,A,12,D,2000,D,1,D,,A,13699,D,13263,D,12824,D,01,D,,A,,A,,A,,A,,A,,A,1,D,2,D
20184,03905133,32,0,5,01,D,100,D,.0440,F,166096,F,13,F,1400,F,,A,,A,,A,,A,0,F,860,F,864,F,867,F,540,F,536,F,533,F,,A,10,F,2016,F,1,F,,A,148487,V,147606,V,146722,V,01,D,,A,,A,,A,,A,,A,,A,1,D,2,D
20184,03905793,30,0,5,01,D,100,D,.0450,D,115787,D,10,D,1200,D,,A,,A,,A,,A,0,D,772,D,774,D,777,D,428,D,426,D,423,D,,A,06,D,2018,D,1,D,,A,114253,D,113481,D,112707,D,01,D,,A,,A,,A,,A,,A,,A,1,D,2,D
20184,03906633,26,0,5,01,D,100,D,.0500,D,8000,D,8,D,180,D,,B,,B,,B,,B,79,D,91,D,91,D,91,D,10,D,10,D,10,D,,A,10,D,2012,D,1,D,,A,2513,D,2423,D,2332,D,01,D,,A,,A,,A,,A,,A,,A,1,D,2,D
20184,03908473,17,0,5,01,D,100,D,.0440,D,60000,D,10,D,619,D,,A,,A,,A,,A,0,D,489,D,491,D,493,D,90,D,88,D,86,D,,A,06,D,2012,D,2,D,,A,26156,D,25633,D,25108,D,01,D,,A,,A,3,D,579,D,579,D,579,D,1,D,2,D
20184,03909483,29,0,5,01,D,100,D,.0600,D,26121,D,10,D,290,D,,A,,A,,A,,A,0,D,170,D,171,D,172,D,120,D,119,D,118,D,,A,07,D,2017,D,1,D,,A,23986,D,23815,D,23645,D,01,D,,A,,A,,A,,A,,A,,A,1,D,2,D
20184,03912493,29,0,1,01,D,400,D,.0662,D,,T,15,D,1437,D,3,D,4,D,,A,,A,0,D,,T,,T,,T,135,D,128,D,121,D,,A,02,D,2005,D,1,D,,A,24559,D,23257,D,21948,D,01,D,,A,,A,,A,,A,,A,,A,1,D,2,D
20184,03912553,30,0,5,01,D,100,D,.0440,D,125000,D,10,D,1289,D,,A,,A,,A,,A,0,D,571,D,573,D,575,D,229,D,227,D,225,D,,A,04,D,2016,D,2,D,,A,100539,D,99618,D,98694,D,01,D,1,D,,A,,A,1313,D,800,D,800,D,1,D,2,D
20184,03922923,18,0,1,01,D,100,D,.0425,D,10000,D,10,D,102,D,,A,,A,,A,,A,0,D,67,D,68,D,68,D,35,D,34,D,34,D,,A,06,D,2018,D,1,D,,A,9800,D,9732,D,9665,D,01,D,,A,,A,,A,,A,,A,,A,1,D,2,D
20184,03923753,31,0,5,01,D,100,D,.0460,D,55000,D,15,D,895,D,,B,,B,,B,,B,471,D,248,D,249,D,250,D,176,D,175,D,174,D,,A,05,D,2015,D,1,D,,A,45804,D,45555,D,45306,D,01,D,,A,,A,,A,,A,,A,,A,1,D,2,D
20184,03924893,22,0,5,01,D,100,D,.0549,D,39312,D,15,D,321,D,,A,,A,,A,,A,0,D,143,D,144,D,144,D,178,D,177,D,177,D,,A,06,D,2018,D,1,D,,A,38887,D,38744,D,38600,D,01,D,,A,,A,,A,,A,,A,,A,1,D,2,D
20184,03926513,21,0,5,01,D,100,D,.0440,D,50000,D,17,D,350,D,,B,,B,,B,,B,1,D,179,D,180,D,180,D,170,D,169,D,169,D,,A,12,D,2016,D,1,D,,A,46390,D,46212,D,46032,D,01,D,,A,,A,,A,,A,,A,,A,1,D,2,D
20184,03927423,17,0,5,01,D,100,D,.0420,D,35345,D,15,D,265,D,,A,,A,,A,,A,0,D,237,D,238,D,239,D,28,D,27,D,26,D,,A,05,D,2006,D,1,D,,A,8009,D,7772,D,7534,D,01,D,,A,,A,,A,,A,,A,,A,1,D,2,D
20184,03930153,32,0,5,01,D,100,D,.0530,D,30000,D,20,D,400,D,,B,,B,,B,,B,197,D,159,D,160,D,161,D,44,D,43,D,42,D,,A,04,D,2003,D,1,D,,A,9890,D,9731,D,9571,D,01,D,,A,,A,,A,,A,,A,,A,1,D,2,D
20184,03930823,63,0,5,01,D,100,D,.0550,D,50000,D,15,D,409,D,,A,,A,,A,,A,0,D,232,D,233,D,234,D,268,D,267,D,266,D,,A,09,D,2017,D,2,D,,A,47792,D,47603,D,47413,D,01,D,1,D,,A,,A,500,D,500,D,500,D,1,D,2,D
20184,03930833,22,0,5,01,D,100,D,.0440,D,60000,D,15,D,3363,T,3,D,4,D,,A,,A,2844,D,304,D,305,D,306,D,152,D,151,D,150,D,,A,12,D,2012,D,1,D,,A,41509,D,41205,D,40900,D,01,D,,A,,A,,A,,A,,A,,A,1,D,2,D
20184,03945392,10,0,1,01,D,100,D,.0475,D,22000,D,15,D,171,D,,A,,A,,A,,A,0,D,107,D,107,D,108,D,64,D,64,D,63,D,,A,06,D,2013,D,1,D,,A,16223,D,16116,D,16009,D,01,D,,A,,A,,A,,A,,A,,A,1,D,2,D
20184,03947742,10,0,5,01,D,100,D,.0440,D,30000,D,15,D,515,D,,B,,B,,B,,B,287,D,129,D,129,D,130,D,99,D,99,D,98,D,,A,07,D,2016,D,1,D,,A,27045,D,26916,D,26787,D,01,D,,A,,A,,A,,A,,A,,A,1,D,2,D
20184,03952322,30,0,5,01,D,100,D,.0492,D,50000,D,15,D,568,D,,B,,B,,B,,B,175,D,227,D,228,D,229,D,166,D,165,D,164,D,,A,09,D,2014,D,1,D,,A,40504,D,40277,D,40049,D,01,D,,A,,A,,A,,A,,A,,A,1,D,2,D
20184,03953332,14,0,1,01,D,100,D,.0475,D,70000,D,15,D,580,D,,A,,A,5,D,,A,36,D,,A,,A,267,D,,A,,A,277,D,,A,09,D,2018,D,1,D,,A,,A,,A,70000,D,01,D,,A,,A,,A,,A,,A,,A,1,D,2,D
20184,03953362,18,0,5,01,D,100,D,.0440,F,166096,F,13,F,1400,F,,A,,A,,A,,A,0,F,860,F,864,F,867,F,540,F,536,F,533,F,,A,10,F,2016,F,1,F,,A,148487,V,147606,V,146722,V,01,D,,A,,A,,A,,A,,A,,A,1,D,2,D
20184,03965102,19,0,5,01,D,100,D,.0495,D,127000,D,10,D,1344,D,,A,,A,,A,,A,0,D,1197,T,1202,T,1211,T,18,D,12,D,6,D,,A,11,D,2008,D,2,D,,A,3999,D,2671,D,1338,D,01,D,1,D,,A,,A,1500,D,1500,D,1500,D,1,D,2,D
20184,03965672,66,0,5,01,D,100,D,.0450,D,150000,D,15,D,1147,D,,A,,A,,A,6,D,0,D,1197,T,1202,T,,A,9,D,5,D,,A,,A,10,D,2003,D,2,D,,A,2406,D,1268,D,,A,01,D,1,D,,A,,A,1400,D,1400,D,1400,D,,A,,A
20184,03966132,33,0,5,01,D,100,D,.0475,D,33389,D,7,D,468,D,,A,,A,,A,,A,0,D,348,D,349,D,351,D,120,D,119,D,117,D,,A,11,D,2017,D,1,D,,A,30318,D,29970,D,29621,D,01,D,,A,,A,,A,,A,,A,,A,1,D,2,D
20184,03967052,24,0,5,01,D,100,D,.0450,F,45752,F,15,F,350,F,,A,,A,,A,,A,0,F,217,F,218,F,218,F,133,F,132,F,132,F,,A,04,F,2014,F,1,F,,A,35528,F,35312,F,35094,F,01,D,,A,,A,,A,,A,,A,,A,1,D,2,D
20184,03968932,25,0,5,01,D,100,D,.0475,F,15000,F,15,F,300,F,,B,,B,,B,,B,183,F,59,F,59,F,59,F,44,F,44,F,44,F,,A,01,F,2018,F,1,F,,A,14651,F,14592,F,14533,F,01,D,,A,,A,,A,,A,,A,,A,1,D,2,D
20184,03970802,27,0,5,01,D,100,D,.0650,F,77000,F,15,F,929,F,,B,,B,,B,,B,258,F,556,F,559,F,562,F,115,F,112,F,109,F,,A,08,F,2006,F,1,F,,A,21278,F,20723,F,20164,F,01,D,,A,,A,,A,,A,,A,,A,1,D,2,D
20184,03971942,33,0,5,01,D,100,D,.0440,F,60000,F,10,F,619,F,,A,,A,,A,,A,0,F,489,F,491,F,493,F,90,F,88,F,86,F,,A,06,F,2012,F,2,F,,A,26156,F,25633,F,25108,F,01,D,1,D,,A,,A,579,F,579,F,579,F,1,D,2,D
20184,03974102,46,0,5,01,D,100,D,.0595,D,27000,D,10,D,356,D,,B,,B,,B,,B,57,D,200,D,201,D,202,D,99,D,98,D,97,D,,A,05,D,2015,D,1,D,,A,19915,D,19714,D,19513,D,01,D,,A,,A,,A,,A,,A,,A,1,D,2,D
20184,03990402,19,0,5,01,D,100,D,.0818,D,40000,D,20,D,350,D,3,D,,A,,A,,A,11,D,325,D,327,D,330,D,14,D,12,D,9,D,,A,03,D,1999,D,1,D,,A,2027,D,1702,D,1375,D,01,D,,A,,A,,A,,A,,A,,A,1,D,2,D
20184,03990472,20,0,5,01,D,100,D,.0716,D,40000,D,13,D,400,D,,B,,B,,B,,B,5,D,382,D,384,D,386,D,13,D,11,D,9,D,,A,03,D,2006,D,1,D,,A,2248,D,1867,D,1483,D,01,D,,A,,A,,A,,A,,A,,A,1,D,2,D
20184,03991762,40,0,5,01,D,100,D,.0440,D,71740,D,20,D,450,D,,A,,A,,A,,A,0,D,203,D,204,D,205,D,247,D,246,D,245,D,,A,10,D,2016,D,1,D,,A,67262,D,67059,D,66855,D,01,D,,A,,A,,A,,A,,A,,A,1,D,2,D
20184,03995742,22,0,5,01,D,100,D,.0549,F,39312,F,15,F,321,F,,A,,A,,A,,A,0,F,143,F,144,F,144,F,178,F,177,F,177,F,,A,06,F,2018,F,1,F,,A,38887,F,38744,F,38600,F,01,D,1,D,,A,,A,,A,,A,,A,1,D,2,D
20184,03996322,20,0,5,01,D,100,D,.0600,F,217,F,10,F,2,F,,C,,C,,C,,C,0,F,1,F,1,F,1,F,1,F,1,F,1,F,,A,04,F,2018,F,2,F,,A,212,F,211,F,210,F,01,D,,A,,A,,A,213,F,213,F,213,F,,C,,A
20184,04009271,14,0,1,01,D,100,D,.0900,F,20000,F,10,F,372,F,,A,,A,,A,6,F,119,F,176,F,178,F,179,F,77,F,75,F,74,F,,A,08,F,2012,F,1,F,,A,10214,F,10038,F,9860,F,01,D,,A,2,D,,A,,A,,A,,A,,A,,A
20184,04009941,14,0,1,01,D,100,D,.0400,D,25000,D,10,D,468,D,,B,,B,,B,,B,215,D,,A,170,D,170,D,,A,83,D,83,D,,A,08,D,2018,D,1,D,,A,,A,25000,D,24830,D,01,D,,A,,A,,A,,A,,A,,A,1,D,2,D
20184,04010861,19,0,1,01,D,100,D,.0709,D,58364,D,11,D,638,D,,A,,A,,A,,A,0,D,634,D,,A,,A,4,D,,A,,A,,A,08,D,2007,D,1,D,,A,634,D,,A,,A,01,D,,A,,A,,A,,A,,A,,A,1,D,2,D
20184,04012951,19,0,1,01,D,100,D,.0475,D,18660,D,5,D,350,D,,A,,A,,A,,A,0,D,,A,276,D,277,D,,A,74,D,73,D,,A,08,D,2018,D,1,D,,A,,A,18660,D,18384,D,01,D,,A,,A,,A,,A,,A,,A,1,D,2,D
20184,04013551,14,0,1,01,D,100,D,.0492,F,50000,F,15,F,568,F,,B,,B,,B,,B,175,F,227,F,228,F,229,F,166,F,165,F,164,F,,A,09,F,2014,F,1,F,,A,40504,F,40277,F,40049,F,01,D,,A,,A,,A,,A,,A,,A,1,D,2,D
20184,04014611,32,0,1,01,D,100,D,.0400,D,50000,D,10,D,512,D,,B,,B,,B,,B,6,D,,A,,A,339,D,,A,,A,167,D,,A,09,D,2018,D,1,D,,A,,A,,A,50000,D,01,D,,A,,A,,A,,A,,A,,A,1,D,2,D
20184,04015561,15,0,1,01,D,100,D,.0440,D,46059,D,15,D,350,D,,A,,A,,A,,A,0,D,198,D,199,D,200,D,152,D,151,D,150,D,,A,06,D,2016,D,1,D,,A,41326,D,41128,D,40928,D,01,D,,A,,A,,A,,A,,A,,A,1,D,2,D
20184,04028151,23,0,1,01,D,100,D,.0679,D,5600,D,18,D,45,D,,A,,A,,A,,A,0,D,26,D,26,D,26,D,19,D,19,D,19,D,,A,11,D,2008,D,1,D,,A,3400,D,3374,D,3348,D,01,D,,A,,A,,A,,A,,A,,A,1,D,2,D
20184,04028191,19,0,1,01,D,100,D,.0440,D,50000,D,15,D,490,D,,B,,B,,B,,B,110,D,213,D,214,D,215,D,167,D,166,D,165,D,,A,10,D,2016,D,1,D,,A,45503,D,45289,D,45076,D,01,D,,A,,A,,A,,A,,A,,A,1,D,2,D
20184,04032121,13,0,1,01,D,100,D,.0500,D,85000,D,10,D,1100,D,3,D,4,D,,A,,A,198,D,583,D,586,D,588,D,319,D,316,D,314,D,,A,05,D,2017,D,1,D,,A,76538,D,75955,D,75370,D,01,D,,A,,A,,A,,A,,A,,A,1,D,2,D
20184,04032271,22,0,1,01,D,100,D,.0475,D,28669,D,15,D,223,D,,A,,A,,A,,A,0,D,118,D,119,D,119,D,105,D,104,D,104,D,,A,01,D,2017,D,1,D,,A,26512,D,26394,D,26276,D,01,D,,A,,A,,A,,A,,A,,A,1,D,2,D
20184,04036151,11,0,1,01,D,100,D,.0450,D,45752,D,15,D,350,D,,A,,A,,A,,A,0,D,217,D,218,D,218,D,133,D,132,D,132,D,,A,04,D,2014,D,1,D,,A,35528,D,35312,D,35094,D,01,D,,A,,A,,A,,A,,A,,A,1,D,2,D
20184,04036201,28,0,1,01,D,100,D,.1000,D,50000,D,15,D,750,D,,B,,B,,B,,B,213,D,265,D,267,D,269,D,272,D,270,D,268,D,,A,09,D,2010,D,1,D,,A,32674,D,32410,D,32143,D,01,D,,A,,A,,A,,A,,A,,A,1,D,2,D
20184,04036831,20,0,1,01,D,100,D,.0475,D,15000,D,15,D,200,D,,B,,B,,B,,B,83,D,58,D,59,D,59,D,59,D,58,D,58,D,,A,05,D,2018,D,1,D,,A,14826,D,14768,D,14710,D,01,D,,A,,A,,A,,A,,A,,A,1,D,2,D
20184,04037211,12,0,1,01,D,100,D,.0525,D,100000,D,15,D,804,D,,A,,A,,A,,A,0,D,,A,,A,,A,,A,,A,,A,,A,06,D,2004,D,2,D,,A,7849,D,7079,D,6306,D,01,D,1,D,,A,,A,1012,D,1012,D,1012,D,1,D,2,D
20184,04037961,17,0,1,01,D,100,D,.0900,D,20000,D,10,D,372,D,,A,,A,,A,6,D,119,D,176,D,178,D,179,D,77,D,75,D,74,D,,A,08,D,2012,D,1,D,,A,10214,D,10038,D,9860,D,01,D,,A,,A,,A,,A,,A,,A,,A,,A
20184,04039951,14,0,1,01,D,100,D,.0500,D,226250,T,15,D,3363,T,,A,,A,,A,,A,0,D,,A,,A,,A,,A,,A,,A,,A,11,D,2006,D,2,D,,A,69347,D,67659,D,65963,D,01,D,1,D,,A,,A,875,D,975,D,975,D,1,D,2,D
20184,04040111,40,0,1,02,D,200,D,.0400,D,50000,D,10,D,522,D,,B,,B,,B,,B,16,D,357,D,358,D,359,D,149,D,148,D,147,D,,A,06,D,2017,D,1,D,,A,44790,D,44433,D,44075,D,01,D,,A,,A,,A,,A,,A,,A,1,D,2,D
20184,04040511,23,0,1,01,D,100,D,.0475,D,48889,D,5,D,917,D,,A,,A,,A,,A,0,D,768,D,771,D,774,D,149,D,146,D,143,D,,A,06,D,2017,D,1,D,,A,37731,D,36963,D,36193,D,01,D,,A,,A,,A,,A,,A,,A,1,D,2,D
20184,04040621,24,0,1,01,D,100,D,.0425,D,75000,D,20,D,535,D,,B,,B,,B,,B,71,D,208,D,208,D,209,D,256,D,256,D,255,D,,A,08,D,2017,D,1,D,,A,72366,D,72158,D,71949,D,01,D,,A,,A,,A,,A,,A,,A,1,D,2,D
20184,04040871,16,0,1,01,D,100,D,.0440,D,62643,D,5,D,1165,D,3,D,,A,,A,,A,0,D,1197,T,1202,T,1211,T,129,D,125,D,121,D,,A,05,D,2016,D,1,D,,A,35116,D,34080,D,33040,D,01,D,,A,,A,,A,,A,,A,,A,1,D,2,D
20184,04045921,28,0,1,01,D,100,D,.0440,D,67316,D,15,D,666,D,3,D,4,D,,A,,A,154,D,296,D,297,D,298,D,216,D,215,D,214,D,,A,03,D,2016,D,1,D,,A,58923,D,58627,D,58330,D,01,D,,A,,A,,A,,A,,A,,A,1,D,2,D
20184,04046621,7,0,1,01,D,100,D,.0460,D,15000,D,15,D,116,D,,A,,A,,A,,A,0,D,,A,,A,,A,,A,,A,,A,,A,06,D,2015,D,2,D,,A,12564,D,12497,D,12430,D,01,D,,A,2,D,,A,180,D,180,D,180,D,1,D,2,D
20191,03892084,15,0,1,01,D,100,D,.0679,D,100000,D,20,D,800,D,,B,,B,,B,,B,37,D,388,D,390,D,392,D,375,D,373,D,371,D,,A,10,D,2008,D,1,D,,A,66265,D,65877,D,65487,D,01,D,,A,,A,,A,,A,,A,,A,1,D,2,D
20191,03892254,22,0,5,01,D,100,D,.0600,D,30000,D,14,D,267,D,,B,,B,,B,,B,3,D,251,D,252,D,253,D,13,D,12,D,11,D,,A,08,D,2005,D,1,D,,A,2661,D,2411,D,2159,D,01,D,,A,,A,,A,,A,,A,,A,1,D,2,D
20191,03893054,33,0,5,01,D,100,D,.0460,D,25000,D,15,D,225,D,,B,,B,,B,,B,32,D,115,D,115,D,116,D,78,D,78,D,77,D,,A,02,D,2015,D,1,D,,A,20353,D,20238,D,20122,D,01,D,,A,,A,,A,,A,,A,,A,1,D,2,D
20191,03899804,25,0,5,01,D,100,D,.0475,D,58000,D,6,D,1000,D,,B,,B,,B,,B,73,D,,A,,A,,A,,A,,A,,A,,A,02,D,2019,D,1,D,,A,,A,,A,,A,01,D,,A,,A,,A,,A,,A,,A,1,D,2,D
20191,03901454,23,0,5,01,D,100,D,.0670,D,67732,D,20,D,513,D,,A,,A,,A,,A,0,D,469,D,472,D,475,D,44,D,41,D,38,D,,A,02,D,2000,D,1,D,,A,7830,D,7361,D,6889,D,01,D,,A,,A,,A,,A,,A,,A,1,D,2,D
20191,03901454,24,0,5,01,D,100,D,.0714,D,30331,D,15,D,275,D,,A,,A,,A,,A,0,D,167,D,168,D,169,D,108,D,107,D,106,D,,A,10,D,2010,D,1,D,,A,18139,D,17972,D,17804,D,02,D,,A,,A,,A,,A,,A,,A,1,D,2,D
20191,03905134,32,0,5,01,D,100,D,.0525,F,100000,F,15,F,804,F,,A,,A,,A,,A,0,F,982,F,986,F,990,F,30,F,26,F,22,F,,A,06,F,2004,F,2,F,,A,5530,F,4750,F,3967,F,01,D,,A,,A,,A,1012,F,1012,F,1012,F,1,D,2,D
20191,03905794,30,0,5,01,D,100,D,.0450,D,115787,D,10,D,1200,D,,A,,A,,A,,A,0,D,780,D,783,D,786,D,420,D,417,D,414,D,,A,06,D,2018,D,1,D,,A,111929,D,111149,D,110366,D,01,D,,A,,A,,A,,A,,A,,A,1,D,2,D
20191,03906174,22,0,5,01,D,100,D,.0474,D,80000,D,10,D,838,D,,A,,A,,A,,A,0,D,832,D,835,D,838,D,368,D,365,D,362,D,,A,08,D,2016,D,2,D,,A,65147,D,64566,D,63982,D,01,D,,A,2,D,,A,1200,D,1200,D,1200,D,1,D,2,D
20191,03906634,22,0,5,01,D,100,D,.0500,D,8000,D,8,D,180,D,,B,,B,,B,,B,79,D,92,D,92,D,92,D,9,D,9,D,9,D,,A,10,D,2012,D,1,D,,A,2241,D,2149,D,2057,D,01,D,,A,,A,,A,,A,,A,,A,1,D,2,D
20191,03908474,24,0,5,01,D,100,D,.0440,D,60000,D,10,D,619,D,,A,,A,,A,,A,0,D,495,D,497,D,498,D,84,D,82,D,81,D,,A,06,D,2012,D,2,D,,A,24581,D,24052,D,23521,D,01,D,,A,,A,3,D,579,D,579,D,579,D,1,D,2,D
20191,03908674,13,0,5,01,D,100,D,.0500,D,64398,D,20,D,425,D,,A,,A,,A,,A,0,D,341,D,342,D,344,D,84,D,83,D,81,D,,A,04,D,2003,D,1,D,,A,20173,D,19832,D,19490,D,01,D,,A,,A,,A,,A,,A,,A,1,D,2,D
20191,03909484,30,0,5,01,D,100,D,.0600,D,26121,D,10,D,290,D,,A,,A,,A,,A,0,D,173,D,173,D,174,D,117,D,117,D,116,D,,A,07,D,2017,D,1,D,,A,23473,D,23300,D,23127,D,01,D,,A,,A,,A,,A,,A,,A,1,D,2,D
20191,03912494,23,0,5,01,D,400,D,.0521,D,,T,10,D,1437,D,3,D,4,D,,A,,A,0,D,,T,,T,,T,181,D,175,D,170,D,,A,06,D,2011,D,1,D,,A,41595,D,40339,D,39077,D,01,D,,A,,A,,A,,A,,A,,A,1,D,2,D
20191,03912554,30,0,5,01,D,100,D,.0440,D,125000,D,10,D,1289,D,,A,,A,,A,,A,0,D,1197,T,1202,T,1211,T,431,D,427,D,423,D,,A,04,D,2016,D,2,D,,A,97766,D,96835,D,95901,D,01,D,1,D,,A,,A,1309,D,1297,D,1550,D,1,D,2,D
20191,03923754,24,0,5,01,D,100,D,.0460,D,55000,D,15,D,895,D,,B,,B,,B,,B,471,D,251,D,252,D,253,D,173,D,172,D,171,D,,A,05,D,2015,D,1,D,,A,45056,D,44804,D,44552,D,01,D,,A,,A,,A,,A,,A,,A,1,D,2,D
20191,03924894,20,0,5,01,D,100,D,.0549,D,39312,D,15,D,321,D,,A,,A,,A,,A,0,D,145,D,146,D,146,D,176,D,175,D,175,D,,A,06,D,2018,D,1,D,,A,38455,D,38310,D,38165,D,01,D,,A,,A,,A,,A,,A,,A,1,D,2,D
20191,03926514,42,0,5,01,D,100,D,.0440,D,50000,D,17,D,350,D,,B,,B,,B,,B,1,D,181,D,182,D,182,D,168,D,167,D,167,D,,A,12,D,2016,D,1,D,,A,45852,D,45671,D,45489,D,01,D,,A,,A,,A,,A,,A,,A,1,D,2,D
20191,03927424,18,0,5,01,D,100,D,.0420,D,35345,D,15,D,265,D,,A,,A,,A,,A,0,D,164,D,165,D,165,D,101,D,100,D,100,D,,A,05,D,2015,D,1,D,,A,28801,D,28637,D,28472,D,01,D,,A,,A,,A,,A,,A,,A,1,D,2,D
20191,03930154,32,0,5,01,D,100,D,.0530,D,30000,D,20,D,400,D,,B,,B,,B,,B,197,D,161,D,162,D,163,D,42,D,41,D,40,D,,A,04,D,2003,D,1,D,,A,9410,D,9249,D,9087,D,01,D,,A,,A,,A,,A,,A,,A,1,D,2,D
20191,03930824,54,0,5,01,D,100,D,.0550,D,50000,D,15,D,409,D,,A,,A,,A,,A,0,D,235,D,236,D,237,D,265,D,264,D,263,D,,A,09,D,2017,D,2,D,,A,47221,D,47029,D,46836,D,01,D,1,D,,A,,A,300,D,500,D,500,D,1,D,2,D
20191,03930834,27,0,5,01,D,100,D,.0440,D,60000,D,15,D,3363,T,3,D,4,D,,A,,A,2844,D,307,D,308,D,309,D,149,D,148,D,147,D,,A,12,D,2012,D,1,D,,A,40594,D,40287,D,39979,D,01,D,,A,,A,,A,,A,,A,,A,1,D,2,D
20191,03945393,18,0,5,01,D,100,D,.0475,D,22000,D,15,D,171,D,,A,,A,,A,,A,0,D,108,D,108,D,109,D,63,D,63,D,62,D,,A,06,D,2013,D,1,D,,A,15901,D,15793,D,15685,D,01,D,,A,,A,,A,,A,,A,,A,1,D,2,D
20191,03946993,25,0,5,01,D,100,D,.0690,D,4859,D,8,D,66,D,,A,,A,,A,,A,0,D,,A,38,D,38,D,,A,28,D,28,D,,A,11,D,2018,D,1,D,,A,,A,4859,D,4821,D,01,D,,A,,A,,A,,A,,A,,A,1,D,2,D
20191,03947143,32,0,5,01,D,100,D,.0475,D,30000,D,5,D,640,D,,B,,B,,B,,B,77,D,477,D,479,D,481,D,86,D,84,D,82,D,,A,04,D,2017,D,1,D,,A,21729,D,21252,D,20773,D,01,D,,A,,A,,A,,A,,A,,A,1,D,2,D
20191,03947743,15,0,5,01,D,100,D,.0440,D,30000,D,15,D,515,D,,B,,B,,B,,B,287,D,130,D,131,D,131,D,98,D,97,D,97,D,,A,07,D,2016,D,1,D,,A,26657,D,26527,D,26396,D,01,D,,A,,A,,A,,A,,A,,A,1,D,2,D
20191,03952323,29,0,5,01,D,100,D,.0492,D,50000,D,15,D,568,D,,B,,B,,B,,B,175,D,232,D,233,D,234,D,161,D,160,D,159,D,,A,07,D,2014,D,1,D,,A,39360,D,39128,D,38896,D,01,D,,A,,A,,A,,A,,A,,A,1,D,2,D
20191,03953333,24,0,5,01,D,100,D,.0475,D,70000,D,15,D,580,D,,A,,A,5,D,,A,36,D,268,D,269,D,270,D,276,D,275,D,274,D,,A,09,D,2018,D,1,D,,A,69733,D,69465,D,69196,D,01,D,,A,,A,,A,,A,,A,,A,1,D,2,D
20191,03953363,19,0,5,01,D,100,D,.0525,F,100000,F,15,F,804,F,,A,,A,,A,,A,0,F,982,F,986,F,990,F,30,F,26,F,22,F,,A,06,F,2004,F,2,F,,A,5530,F,4750,F,3967,F,01,D,,A,,A,,A,1012,F,1012,F,1012,F,1,D,2,D
20191,03965103,18,0,5,01,D,100,D,.0519,D,37384,D,10,D,400,D,,A,,A,,A,,A,0,D,,A,,A,238,D,,A,,A,162,D,,A,01,D,2019,D,1,D,012019,D,,A,,A,37384,D,01,D,,A,,A,,A,,A,,A,,A,1,D,2,D
20191,03965673,73,0,5,01,D,100,D,.0450,D,150000,D,20,D,949,D,,A,,A,,A,6,D,0,D,761,D,764,D,767,D,188,D,185,D,182,D,,A,10,D,2003,D,2,D,,A,50138,D,49377,D,48613,D,01,D,1,D,,A,,A,400,D,400,D,483,D,,A,,A
20191,03966133,39,0,5,01,D,100,D,.0475,D,33389,D,7,D,468,D,,A,,A,,A,,A,0,D,352,D,354,D,355,D,116,D,114,D,113,D,,A,11,D,2017,D,1,D,,A,29270,D,28918,D,28564,D,01,D,,A,,A,,A,,A,,A,,A,1,D,2,D
20191,03968933,32,0,5,01,D,100,D,.0530,F,30000,F,20,F,400,F,,B,,B,,B,,B,197,F,161,F,162,F,163,F,42,F,41,F,40,F,,A,04,F,2003,F,1,F,,A,9410,F,9249,F,9087,F,01,D,,A,,A,,A,,A,,A,,A,1,D,2,D
20191,03970803,28,0,5,01,D,100,D,.0492,D,85167,D,10,D,900,D,,A,,A,,A,,A,0,D,,A,,A,698,D,,A,,A,202,D,,A,03,D,2014,D,1,D,012019,D,,A,,A,49184,D,01,D,,A,,A,,A,,A,,A,,A,1,D,2,D
20191,03971943,22,0,5,01,D,100,D,.1000,F,50000,F,15,F,750,F,,B,,B,,B,,B,213,F,278,F,281,F,283,F,259,F,256,F,254,F,,A,06,F,2010,F,1,F,,A,31053,F,30774,F,30494,F,01,D,1,D,,A,,A,,A,,A,,A,1,D,2,D
20191,03974103,55,0,5,01,D,100,D,.0595,D,27000,D,10,D,356,D,,B,,B,,B,,B,57,D,203,D,204,D,205,D,96,D,95,D,94,D,,A,05,D,2015,D,1,D,,A,19311,D,19108,D,18903,D,01,D,,A,,A,,A,,A,,A,,A,1,D,2,D
20191,03987773,15,0,1,01,D,100,D,.0530,F,30000,F,20,F,400,F,,B,,B,,B,,B,197,F,161,F,162,F,163,F,42,F,41,F,40,F,,A,04,F,2003,F,1,F,,A,9410,F,9249,F,9087,F,01,D,,A,,A,,A,,A,,A,,A,1,D,2,D
20191,03990403,16,0,5,01,D,100,D,.0818,D,40000,D,20,D,350,D,3,D,,A,,A,,A,11,D,332,D,334,D,336,D,7,D,5,D,3,D,,A,03,D,1999,D,1,D,,A,1045,D,713,D,379,D,01,D,,A,,A,,A,,A,,A,,A,1,D,2,D
20191,03990473,24,0,5,01,D,100,D,.0716,D,40000,D,13,D,400,D,,B,,B,,B,,B,5,D,368,D,370,D,373,D,27,D,25,D,22,D,,A,12,D,2006,D,1,D,,A,4491,D,4123,D,3752,D,01,D,,A,,A,,A,,A,,A,,A,1,D,2,D
20191,03995743,21,0,5,01,D,100,D,.0525,D,54000,D,2,D,3363,T,,A,,A,,A,,A,0,D,,A,,A,,A,,A,,A,,A,,A,02,D,2019,D,2,D,022019,D,58250,D,56130,D,54000,D,01,D,1,D,,A,,A,400,D,600,D,400,D,1,D,2,D
20191,03995743,43,0,5,01,D,100,D,.0475,D,39000,D,30,D,,A,,A,,A,,A,,A,0,F,,A,,A,,A,,A,,A,,A,022019,D,03,F,2019,F,2,D,,A,,A,,A,,A,01,D,1,D,,A,,A,400,D,400,D,400,D,1,D,2,D
20191,03996323,19,0,5,01,D,100,D,.0450,F,75000,F,30,D,380,F,,A,,A,,A,,A,0,F,107,F,107,F,108,F,273,F,273,F,272,F,,A,01,F,2017,F,1,D,,A,72739,F,72632,F,72525,F,01,D,,A,,A,,A,,A,,A,,A,,C,,A
20191,04007142,12,0,1,01,D,100,D,.0470,F,16000,F,10,F,167,F,,A,,A,,A,,A,0,F,0,F,0,F,0,F,,A,,A,,A,,A,10,F,2013,F,2,F,,A,16000,F,16000,F,16000,F,01,D,1,D,,A,,A,14750,V,200,F,300,F,,A,2,D
20191,04009272,15,0,5,01,D,100,D,.0900,F,20000,F,10,F,372,F,,A,,A,,A,6,F,119,F,180,F,182,F,183,F,73,F,71,F,70,F,,A,08,F,2012,F,1,F,,A,9681,F,9501,F,9319,F,01,D,,A,2,D,,A,,A,,A,,A,,A,,A
20191,04009942,37,0,5,01,D,100,D,.0400,D,25000,D,10,D,468,D,,B,,B,,B,,B,215,D,171,D,171,D,172,D,82,D,82,D,81,D,,A,08,D,2018,D,1,D,,A,24660,D,24489,D,24318,D,01,D,,A,,A,,A,,A,,A,,A,1,D,2,D
20191,04010862,29,0,5,01,D,100,D,.0709,D,58364,D,11,D,638,D,,A,,A,,A,,A,0,D,634,D,,A,,A,4,D,,A,,A,,A,11,D,2007,D,1,D,,A,634,D,,A,,A,01,D,,A,,A,,A,,A,,A,,A,1,D,2,D
20191,04013552,11,0,5,01,D,100,D,.0440,F,50000,F,17,F,350,F,,B,,B,,B,,B,1,F,181,F,182,F,182,F,168,F,167,F,167,F,,A,12,F,2016,F,1,F,,A,45852,F,45671,F,45489,F,01,D,,A,,A,,A,,A,,A,,A,1,D,2,D
20191,04014612,41,0,5,01,D,100,D,.0400,D,50000,D,10,D,512,D,,B,,B,,B,,B,6,D,340,D,342,D,343,D,166,D,164,D,163,D,,A,09,D,2018,D,1,D,,A,49661,D,49320,D,48979,D,01,D,,A,,A,,A,,A,,A,,A,1,D,2,D
20191,04015562,38,0,5,01,D,100,D,.0440,D,46059,D,15,D,350,D,,A,,A,,A,,A,0,D,201,D,201,D,202,D,149,D,149,D,148,D,,A,06,D,2016,D,1,D,,A,40729,D,40528,D,40326,D,01,D,,A,,A,,A,,A,,A,,A,1,D,2,D
20191,04028152,29,0,5,01,D,100,D,.0679,D,5600,D,18,D,45,D,,A,,A,,A,,A,0,D,26,D,26,D,26,D,19,D,19,D,19,D,,A,11,D,2008,D,1,D,,A,3322,D,3296,D,3270,D,01,D,,A,,A,,A,,A,,A,,A,1,D,2,D
20191,04028192,30,0,5,01,D,100,D,.0440,D,50000,D,15,D,490,D,,B,,B,,B,,B,110,D,219,D,219,D,220,D,161,D,161,D,160,D,,A,06,D,2016,D,1,D,,A,43994,D,43775,D,43556,D,01,D,,A,,A,,A,,A,,A,,A,1,D,2,D
20191,04032122,17,0,5,01,D,100,D,.0500,D,85000,D,10,D,1100,D,3,D,4,D,,A,,A,198,D,590,D,593,D,595,D,312,D,309,D,307,D,,A,05,D,2017,D,1,D,,A,74782,D,74191,D,73599,D,01,D,,A,,A,,A,,A,,A,,A,1,D,2,D
20191,04032272,24,0,5,01,D,100,D,.0475,D,28669,D,15,D,223,D,,A,,A,,A,,A,0,D,119,D,120,D,120,D,104,D,103,D,103,D,,A,01,D,2017,D,1,D,,A,26157,D,26037,D,25917,D,01,D,,A,,A,,A,,A,,A,,A,1,D,2,D
20191,04036202,46,0,5,01,D,100,D,.1000,D,50000,D,15,D,750,D,,B,,B,,B,,B,213,D,278,D,281,D,283,D,259,D,256,D,254,D,,A,06,D,2010,D,1,D,,A,31053,D,30774,D,30494,D,01,D,,A,,A,,A,,A,,A,,A,1,D,2,D
20191,04037212,18,0,5,01,D,100,D,.0525,D,100000,D,15,D,804,D,,A,,A,,A,,A,0,D,982,D,986,D,990,D,30,D,26,D,22,D,,A,06,D,2004,D,2,D,,A,5530,D,4750,D,3967,D,01,D,1,D,,A,,A,1012,D,1012,D,1012,D,1,D,2,D
20191,04037962,19,0,5,01,D,100,D,.0900,D,20000,D,10,D,372,D,,A,,A,,A,6,D,119,D,180,D,182,D,183,D,73,D,71,D,70,D,,A,08,D,2012,D,1,D,,A,9681,D,9501,D,9319,D,01,D,,A,,A,,A,,A,,A,,A,,A,,A
20191,04039952,22,0,5,01,D,100,D,.0500,D,226250,T,15,D,3363,T,,A,,A,,A,,A,0,D,871,D,874,D,878,D,136,D,133,D,129,D,,A,11,D,2006,D,2,D,,A,64261,D,62552,D,60836,D,01,D,1,D,,A,,A,1007,D,1007,D,1007,D,1,D,2,D
20191,04040512,22,0,5,01,D,100,D,.0475,D,48889,D,5,D,917,D,,A,,A,,A,,A,0,D,777,D,780,D,783,D,140,D,137,D,134,D,,A,06,D,2017,D,1,D,,A,35419,D,34642,D,33862,D,01,D,,A,,A,,A,,A,,A,,A,1,D,2,D
20191,04040622,27,0,5,01,D,100,D,.0425,D,75000,D,20,D,535,D,,B,,B,,B,,B,71,D,210,D,211,D,211,D,254,D,253,D,253,D,,A,08,D,2017,D,1,D,,A,71740,D,71530,D,71320,D,01,D,,A,,A,,A,,A,,A,,A,1,D,2,D
20191,04040872,28,0,5,01,D,100,D,.0440,D,62643,D,5,D,1165,D,3,D,,A,,A,,A,0,D,1197,T,1202,T,1211,T,117,D,113,D,110,D,,A,05,D,2016,D,1,D,,A,31996,D,30948,D,29897,D,01,D,,A,,A,,A,,A,,A,,A,1,D,2,D
20191,04042962,7,0,1,01,D,100,D,.0500,F,64398,F,20,F,425,F,,A,,A,,A,,A,0,F,341,F,342,F,344,F,84,F,83,F,81,F,,A,04,F,2003,F,1,F,,A,20173,F,19832,F,19490,F,01,D,,A,,A,,A,,A,,A,,A,1,D,2,D
20191,04045922,43,0,5,01,D,100,D,.0440,D,67316,D,15,D,666,D,3,D,4,D,,A,,A,154,D,299,D,300,D,301,D,213,D,212,D,211,D,,A,03,D,2016,D,1,D,,A,58032,D,57733,D,57432,D,01,D,,A,,A,,A,,A,,A,,A,1,D,2,D
20191,04046622,17,0,5,01,D,100,D,.0449,D,14539,D,15,D,220,D,,B,,B,,B,,B,109,D,,A,,A,57,D,,A,,A,54,D,,A,02,D,2019,D,1,D,022019,D,,A,,A,14539,D,01,D,,A,,A,,A,,A,,A,,A,1,D,2,D
20191,04046622,31,0,5,01,D,100,D,.0460,D,15000,D,15,D,116,D,,A,,A,,A,,A,0,D,,A,,A,,A,,A,,A,,A,022019,D,06,D,2015,D,2,D,,A,12362,D,12294,D,12225,D,01,D,,A,2,D,,A,,A,,A,,A,1,D,2,D
20191,04070461,35,0,1,01,D,100,D,.0475,D,76132,D,5,D,1428,D,,A,,A,,A,,A,0,D,1197,T,1202,T,1211,T,279,D,274,D,270,D,,A,05,D,2018,D,1,D,,A,70454,D,69305,D,68151,D,01,D,,A,,A,,A,,A,,A,,A,1,D,2,D
20191,04076071,24,0,1,01,D,100,D,.0400,D,13000,D,5,D,250,D,,B,,B,,B,,B,11,D,198,D,199,D,200,D,41,D,40,D,39,D,,A,06,D,2018,D,1,D,,A,12213,D,12015,D,11816,D,01,D,,A,,A,,A,,A,,A,,A,1,D,2,D
20191,04076661,17,0,1,01,D,100,D,.0399,D,90000,D,30,F,429,F,,A,,A,,A,,A,0,F,221,F,222,F,222,F,208,F,207,F,207,F,,A,06,F,2005,F,1,D,,A,62398,F,62176,F,61954,F,01,D,,A,,A,,A,,A,,A,,A,,C,,A
20191,04077271,23,0,1,01,D,100,D,.0440,D,53705,D,10,D,554,D,3,D,4,D,,A,,A,0,D,388,D,390,D,391,D,166,D,164,D,163,D,,A,11,D,2016,D,1,D,,A,45152,D,44764,D,44374,D,01,D,,A,,A,,A,,A,,A,,A,1,D,2,D
20191,04077311,8,0,1,01,D,100,D,.0825,D,20000,D,30,D,150,D,,A,,A,,A,,A,0,F,98,F,98,F,99,F,53,F,52,F,51,F,,A,01,F,1994,D,1,D,,A,7564,F,7466,F,7367,F,01,D,,A,,A,,A,,A,,A,,A,,C,,A
20191,04077791,7,0,1,01,D,100,D,.0492,D,10000,D,5,D,365,D,,B,,B,,B,,B,177,D,180,D,181,D,182,D,8,D,7,D,6,D,,A,08,D,2014,D,1,D,,A,1861,D,1680,D,1499,D,01,D,,A,,A,,A,,A,,A,,A,1,D,2,D
20191,04078911,14,0,1,01,D,100,D,.0300,D,226250,T,30,F,716,D,,A,,A,,A,,A,0,F,379,F,380,F,381,F,338,F,337,F,336,F,,A,01,F,2010,D,2,D,,A,148487,V,147606,V,146722,V,01,D,1,D,,A,,A,2100,D,700,D,700,D,,C,,A
20191,04079471,12,0,1,01,D,100,D,.0550,D,13000,D,1,D,1116,D,,A,,A,,A,,A,0,D,0,D,0,D,0,D,,A,,A,,A,,A,11,D,2018,D,2,D,,A,13000,D,13000,D,13000,D,01,D,1,D,,A,,A,0,D,14,D,157,D,,A,2,D
20191,04079931,51,0,1,01,D,100,D,.0410,D,80000,D,20,D,650,D,,B,,B,,B,,B,161,D,246,D,246,D,247,D,122,D,122,D,121,D,,A,08,D,2015,D,1,D,,A,71265,D,71019,D,70773,D,01,D,,A,,A,,A,,A,,A,,A,1,D,2,D
20191,04092551,35,0,1,01,D,100,D,.0485,D,40000,D,20,D,433,D,,B,,B,,B,,B,172,D,157,D,157,D,158,D,104,D,104,D,103,D,,A,06,D,2009,D,1,D,,A,25809,D,25652,D,25495,D,01,D,,A,,A,,A,,A,,A,,A,1,D,2,D
20191,04092821,14,0,1,01,D,100,D,.0450,F,115787,F,10,F,1200,F,,A,,A,,A,,A,0,F,780,F,783,F,786,F,420,F,417,F,414,F,,A,06,F,2018,F,1,F,,A,111929,F,111149,F,110366,F,01,D,,A,,A,,A,,A,,A,,A,1,D,2,D
20191,04094531,22,0,1,01,D,100,D,.0440,D,69000,D,15,D,550,D,,B,,B,,B,,B,26,D,306,D,307,D,308,D,218,D,217,D,216,D,,A,02,D,2016,D,1,D,,A,59512,D,59206,D,58899,D,01,D,,A,,A,,A,,A,,A,,A,1,D,2,D
20191,04094671,8,0,1,01,D,100,D,.0475,D,25000,D,15,D,194,D,,A,,A,,A,,A,0,D,,A,,A,,A,,A,,A,,A,,A,07,D,2017,D,2,D,,A,23426,D,23324,D,23222,D,01,D,1,D,,A,,A,576,D,576,D,576,D,1,D,2,D
20191,04095521,10,0,1,01,D,100,D,.0475,D,9538,D,10,D,200,D,,A,,A,,A,6,D,100,D,,A,,A,62,D,,A,,A,38,D,,A,01,D,2019,D,1,D,,A,,A,,A,9538,D,01,D,,A,,A,,A,,A,,A,,A,,A,,A
20191,04098581,29,0,1,01,D,100,D,.0440,D,52347,D,10,D,540,D,,A,,A,,A,,A,0,D,386,D,387,D,388,D,154,D,153,D,152,D,,A,07,D,2016,D,1,D,,A,42103,D,41718,D,41331,D,01,D,,A,,A,,A,,A,,A,,A,1,D,2,D
20191,04098781,14,0,1,01,D,100,D,.0450,D,10000,D,10,D,104,D,,A,,A,,A,,A,0,D,,A,,A,,A,,A,,A,,A,,A,05,D,2018,D,2,D,,A,9599,D,9532,D,9464,D,01,D,1,D,,A,,A,300,D,300,D,300,D,1,D,2,D
20191,04099261,13,0,1,01,D,100,D,.0475,D,18660,D,5,D,350,D,,A,,A,,A,,A,0,D,294,D,295,D,296,D,56,D,55,D,54,D,,A,07,D,2017,D,1,D,,A,14108,D,13814,D,13519,D,01,D,,A,,A,,A,,A,,A,,A,1,D,2,D
20191,04100381,34,0,1,01,D,100,D,.0500,D,12539,D,10,D,133,D,,A,,A,,A,,A,0,D,89,D,90,D,90,D,44,D,43,D,43,D,,A,11,D,2016,D,1,D,,A,10505,D,10416,D,10326,D,01,D,,A,,A,,A,,A,,A,,A,1,D,2,D
20191,04101741,22,0,1,01,D,100,D,.0550,D,50000,D,15,D,409,D,,A,,A,,A,,A,0,D,,A,,A,,A,,A,,A,,A,,A,12,D,2014,D,2,D,,A,40394,D,40171,D,39946,D,01,D,1,D,,A,,A,200,D,300,D,300,D,1,D,2,D
20191,04102871,29,0,1,01,D,100,D,.0475,D,8000,D,10,D,820,D,,B,,B,,B,,B,736,D,56,D,56,D,56,D,28,D,28,D,28,D,,A,07,D,2017,D,1,D,,A,7082,D,7026,D,6969,D,01,D,,A,,A,,A,,A,,A,,A,1,D,2,D
20191,04104991,37,0,1,01,D,100,D,.0440,D,97611,D,6,D,1545,D,,A,,A,,A,,A,0,D,1197,T,1202,T,1211,T,249,D,244,D,239,D,,A,12,D,2016,D,1,D,,A,67886,D,66590,D,65290,D,01,D,,A,,A,,A,,A,,A,,A,1,D,2,D
20191,04105691,14,0,1,01,D,100,D,.0475,D,20000,D,20,D,150,D,,B,,B,,B,,B,21,D,53,D,53,D,53,D,76,D,76,D,76,D,,A,09,D,2017,D,1,D,,A,19231,D,19179,D,19125,D,01,D,,A,,A,,A,,A,,A,,A,1,D,2,D
20191,04107261,26,0,1,01,D,100,D,.0550,F,50000,F,15,F,409,F,,A,,A,,A,,A,0,F,235,F,236,F,237,F,265,F,264,F,263,F,,A,09,F,2017,F,2,F,,A,47221,F,47029,F,46836,F,01,D,,A,,A,,A,300,F,500,F,500,F,1,D,2,D
20191,04107891,19,0,1,01,D,100,D,.0450,D,57636,D,9,D,650,D,,A,,A,,A,,A,0,D,440,D,442,D,444,D,210,D,208,D,206,D,,A,08,D,2018,D,1,D,,A,55891,D,55450,D,55008,D,01,D,,A,,A,,A,,A,,A,,A,1,D,2,D
20191,04108881,12,0,1,01,D,100,D,.0470,D,16000,D,10,D,167,D,,A,,A,,A,,A,0,D,0,D,0,D,0,D,,A,,A,,A,,A,10,D,2013,D,2,D,,A,16000,D,16000,D,16000,D,01,D,1,D,,A,,A,14750,T,200,D,300,D,,A,2,D
20191,04109131,27,0,1,01,D,100,D,.0425,D,50000,D,10,D,512,D,,A,,A,,A,,A,0,D,,A,335,D,336,D,,A,177,D,176,D,,A,01,D,2019,D,1,D,,A,,A,50000,D,49665,D,01,D,,A,,A,,A,,A,,A,,A,1,D,2,D
20191,04110041,22,0,1,01,D,100,D,.0500,D,12646,D,15,D,100,D,,A,,A,,A,,A,0,D,52,D,52,D,52,D,48,D,48,D,48,D,,A,01,D,2017,D,1,D,,A,11507,D,11454,D,11402,D,01,D,,A,,A,,A,,A,,A,,A,1,D,2,D
20191,04111381,20,0,1,01,D,200,D,.0600,D,140000,D,10,D,1554,D,,A,,A,,A,,A,0,D,,A,,A,,A,,A,,A,,A,,A,01,D,2015,D,2,D,,A,94865,D,93785,D,92700,D,01,D,1,D,,A,,A,600,D,600,D,600,D,1,D,2,D
